<?xml version="1.0"?>
<link_info>
   <banner>TMS320C55x Linker PC v4.4.1</banner>
   <copyright>Copyright (c) 1996-2012 Texas Instruments Incorporated</copyright>
   <link_time>0x5749d8f1</link_time>
   <output_file>ELEN133_Lab9_SineTable_Sol4.out</output_file>
   <entry_point>
      <name>_c_int00</name>
      <address>0x334aa</address>
   </entry_point>
   <input_file_list>
      <input_file id="fl-2">
         <path>.\</path>
         <kind>object</kind>
         <file>periph.obj</file>
         <name>periph.obj</name>
      </input_file>
      <input_file id="fl-3">
         <path>.\</path>
         <kind>object</kind>
         <file>main.obj</file>
         <name>main.obj</name>
      </input_file>
      <input_file id="fl-4">
         <path>.\</path>
         <kind>object</kind>
         <file>initAIC3204.obj</file>
         <name>initAIC3204.obj</name>
      </input_file>
      <input_file id="fl-9">
         <path>..\lib\</path>
         <kind>archive</kind>
         <file>USBSTK_bsl.lib</file>
         <name>usbstk5505_i2s.obj</name>
      </input_file>
      <input_file id="fl-a">
         <path>..\lib\</path>
         <kind>archive</kind>
         <file>USBSTK_bsl.lib</file>
         <name>usbstk5505_i2c.obj</name>
      </input_file>
      <input_file id="fl-b">
         <path>..\lib\</path>
         <kind>archive</kind>
         <file>USBSTK_bsl.lib</file>
         <name>usbstk5505_gpio.obj</name>
      </input_file>
      <input_file id="fl-c">
         <path>..\lib\</path>
         <kind>archive</kind>
         <file>USBSTK_bsl.lib</file>
         <name>usbstk5505.obj</name>
      </input_file>
      <input_file id="fl-d">
         <path>..\lib\</path>
         <kind>archive</kind>
         <file>C55xx_csl.lib</file>
         <name>csl_gpio.obj</name>
      </input_file>
      <input_file id="fl-e">
         <path>..\lib\</path>
         <kind>archive</kind>
         <file>C55xx_csl.lib</file>
         <name>csl_i2c.obj</name>
      </input_file>
      <input_file id="fl-f">
         <path>..\lib\</path>
         <kind>archive</kind>
         <file>C55xx_csl.lib</file>
         <name>csl_i2s.obj</name>
      </input_file>
      <input_file id="fl-24">
         <path>C:\Apps\ti\ccsv5\tools\compiler\c5500_4.4.1\lib\</path>
         <kind>archive</kind>
         <file>rts55x.lib</file>
         <name>addd.obj</name>
      </input_file>
      <input_file id="fl-25">
         <path>C:\Apps\ti\ccsv5\tools\compiler\c5500_4.4.1\lib\</path>
         <kind>archive</kind>
         <file>rts55x.lib</file>
         <name>boot.obj</name>
      </input_file>
      <input_file id="fl-26">
         <path>C:\Apps\ti\ccsv5\tools\compiler\c5500_4.4.1\lib\</path>
         <kind>archive</kind>
         <file>rts55x.lib</file>
         <name>divd.obj</name>
      </input_file>
      <input_file id="fl-27">
         <path>C:\Apps\ti\ccsv5\tools\compiler\c5500_4.4.1\lib\</path>
         <kind>archive</kind>
         <file>rts55x.lib</file>
         <name>divul.obj</name>
      </input_file>
      <input_file id="fl-28">
         <path>C:\Apps\ti\ccsv5\tools\compiler\c5500_4.4.1\lib\</path>
         <kind>archive</kind>
         <file>rts55x.lib</file>
         <name>exit.obj</name>
      </input_file>
      <input_file id="fl-29">
         <path>C:\Apps\ti\ccsv5\tools\compiler\c5500_4.4.1\lib\</path>
         <kind>archive</kind>
         <file>rts55x.lib</file>
         <name>fixdi.obj</name>
      </input_file>
      <input_file id="fl-2a">
         <path>C:\Apps\ti\ccsv5\tools\compiler\c5500_4.4.1\lib\</path>
         <kind>archive</kind>
         <file>rts55x.lib</file>
         <name>fixdli.obj</name>
      </input_file>
      <input_file id="fl-2b">
         <path>C:\Apps\ti\ccsv5\tools\compiler\c5500_4.4.1\lib\</path>
         <kind>archive</kind>
         <file>rts55x.lib</file>
         <name>fixdu.obj</name>
      </input_file>
      <input_file id="fl-2c">
         <path>C:\Apps\ti\ccsv5\tools\compiler\c5500_4.4.1\lib\</path>
         <kind>archive</kind>
         <file>rts55x.lib</file>
         <name>fixdul.obj</name>
      </input_file>
      <input_file id="fl-2d">
         <path>C:\Apps\ti\ccsv5\tools\compiler\c5500_4.4.1\lib\</path>
         <kind>archive</kind>
         <file>rts55x.lib</file>
         <name>fltid.obj</name>
      </input_file>
      <input_file id="fl-2e">
         <path>C:\Apps\ti\ccsv5\tools\compiler\c5500_4.4.1\lib\</path>
         <kind>archive</kind>
         <file>rts55x.lib</file>
         <name>fltlid.obj</name>
      </input_file>
      <input_file id="fl-2f">
         <path>C:\Apps\ti\ccsv5\tools\compiler\c5500_4.4.1\lib\</path>
         <kind>archive</kind>
         <file>rts55x.lib</file>
         <name>fltuld.obj</name>
      </input_file>
      <input_file id="fl-30">
         <path>C:\Apps\ti\ccsv5\tools\compiler\c5500_4.4.1\lib\</path>
         <kind>archive</kind>
         <file>rts55x.lib</file>
         <name>frcmpyd_div.obj</name>
      </input_file>
      <input_file id="fl-31">
         <path>C:\Apps\ti\ccsv5\tools\compiler\c5500_4.4.1\lib\</path>
         <kind>archive</kind>
         <file>rts55x.lib</file>
         <name>lmpy.obj</name>
      </input_file>
      <input_file id="fl-32">
         <path>C:\Apps\ti\ccsv5\tools\compiler\c5500_4.4.1\lib\</path>
         <kind>archive</kind>
         <file>rts55x.lib</file>
         <name>mpyd.obj</name>
      </input_file>
      <input_file id="fl-33">
         <path>C:\Apps\ti\ccsv5\tools\compiler\c5500_4.4.1\lib\</path>
         <kind>archive</kind>
         <file>rts55x.lib</file>
         <name>remul.obj</name>
      </input_file>
      <input_file id="fl-34">
         <path>C:\Apps\ti\ccsv5\tools\compiler\c5500_4.4.1\lib\</path>
         <kind>archive</kind>
         <file>rts55x.lib</file>
         <name>round.obj</name>
      </input_file>
      <input_file id="fl-35">
         <path>C:\Apps\ti\ccsv5\tools\compiler\c5500_4.4.1\lib\</path>
         <kind>archive</kind>
         <file>rts55x.lib</file>
         <name>sin.obj</name>
      </input_file>
      <input_file id="fl-36">
         <path>C:\Apps\ti\ccsv5\tools\compiler\c5500_4.4.1\lib\</path>
         <kind>archive</kind>
         <file>rts55x.lib</file>
         <name>subd.obj</name>
      </input_file>
      <input_file id="fl-37">
         <path>C:\Apps\ti\ccsv5\tools\compiler\c5500_4.4.1\lib\</path>
         <kind>archive</kind>
         <file>rts55x.lib</file>
         <name>trunc.obj</name>
      </input_file>
      <input_file id="fl-38">
         <path>C:\Apps\ti\ccsv5\tools\compiler\c5500_4.4.1\lib\</path>
         <kind>archive</kind>
         <file>rts55x.lib</file>
         <name>vectors.obj</name>
      </input_file>
      <input_file id="fl-39">
         <path>C:\Apps\ti\ccsv5\tools\compiler\c5500_4.4.1\lib\</path>
         <kind>archive</kind>
         <file>rts55x.lib</file>
         <name>_lock.obj</name>
      </input_file>
      <input_file id="fl-3a">
         <path>C:\Apps\ti\ccsv5\tools\compiler\c5500_4.4.1\lib\</path>
         <kind>archive</kind>
         <file>rts55x.lib</file>
         <name>args_main.obj</name>
      </input_file>
      <input_file id="fl-3b">
         <path>C:\Apps\ti\ccsv5\tools\compiler\c5500_4.4.1\lib\</path>
         <kind>archive</kind>
         <file>rts55x.lib</file>
         <name>autoinit.obj</name>
      </input_file>
      <input_file id="fl-3c">
         <path>C:\Apps\ti\ccsv5\tools\compiler\c5500_4.4.1\lib\</path>
         <kind>archive</kind>
         <file>rts55x.lib</file>
         <name>cmpd.obj</name>
      </input_file>
      <input_file id="fl-3d">
         <path>C:\Apps\ti\ccsv5\tools\compiler\c5500_4.4.1\lib\</path>
         <kind>archive</kind>
         <file>rts55x.lib</file>
         <name>frcmpyd.obj</name>
      </input_file>
      <input_file id="fl-3e">
         <path>C:\Apps\ti\ccsv5\tools\compiler\c5500_4.4.1\lib\</path>
         <kind>archive</kind>
         <file>rts55x.lib</file>
         <name>modf.obj</name>
      </input_file>
      <input_file id="fl-3f">
         <path>C:\Apps\ti\ccsv5\tools\compiler\c5500_4.4.1\lib\</path>
         <kind>archive</kind>
         <file>rts55x.lib</file>
         <name>negd.obj</name>
      </input_file>
   </input_file_list>
   <object_component_list>
      <object_component id="oc-15">
         <name>vectors</name>
         <load_address>0x3400</load_address>
         <run_address>0x3400</run_address>
         <size>0x100</size>
         <input_file_ref idref="fl-38"/>
      </object_component>
      <object_component id="oc-1c">
         <name>.bss</name>
         <uninitialized>true</uninitialized>
         <run_address>0x30c0</run_address>
         <size>0xe0</size>
         <input_file_ref idref="fl-3"/>
      </object_component>
      <object_component id="oc-29">
         <name>.bss</name>
         <uninitialized>true</uninitialized>
         <run_address>0x3240</run_address>
         <size>0x4</size>
         <input_file_ref idref="fl-9"/>
      </object_component>
      <object_component id="oc-34">
         <name>.bss</name>
         <uninitialized>true</uninitialized>
         <run_address>0x3228</run_address>
         <size>0x8</size>
         <input_file_ref idref="fl-b"/>
      </object_component>
      <object_component id="oc-44">
         <name>.bss</name>
         <uninitialized>true</uninitialized>
         <run_address>0x31f4</run_address>
         <size>0x24</size>
         <input_file_ref idref="fl-e"/>
      </object_component>
      <object_component id="oc-4a">
         <name>.bss</name>
         <uninitialized>true</uninitialized>
         <run_address>0x31a0</run_address>
         <size>0x54</size>
         <input_file_ref idref="fl-f"/>
      </object_component>
      <object_component id="oc-61">
         <name>.bss</name>
         <uninitialized>true</uninitialized>
         <run_address>0x3238</run_address>
         <size>0x8</size>
         <input_file_ref idref="fl-28"/>
      </object_component>
      <object_component id="oc-9b">
         <name>.bss</name>
         <uninitialized>true</uninitialized>
         <run_address>0x3218</run_address>
         <size>0x10</size>
         <input_file_ref idref="fl-35"/>
      </object_component>
      <object_component id="oc-af">
         <name>.bss</name>
         <uninitialized>true</uninitialized>
         <run_address>0x3230</run_address>
         <size>0x8</size>
         <input_file_ref idref="fl-39"/>
      </object_component>
      <object_component id="oc-54">
         <name>.stack</name>
         <uninitialized>true</uninitialized>
         <run_address>0xc0</run_address>
         <size>0x0</size>
         <input_file_ref idref="fl-25"/>
      </object_component>
      <object_component id="oc-ea">
         <name>.stack</name>
         <uninitialized>true</uninitialized>
         <run_address>0xc0</run_address>
         <size>0x0</size>
      </object_component>
      <object_component id="oc-cd">
         <name>.sysstack</name>
         <uninitialized>true</uninitialized>
         <run_address>0x20c0</run_address>
         <size>0x0</size>
         <input_file_ref idref="fl-25"/>
      </object_component>
      <object_component id="oc-eb">
         <name>.sysstack</name>
         <uninitialized>true</uninitialized>
         <run_address>0x20c0</run_address>
         <size>0x0</size>
      </object_component>
      <object_component id="oc-43">
         <name>.text</name>
         <load_address>0x30000</load_address>
         <run_address>0x30000</run_address>
         <size>0xc3c</size>
         <input_file_ref idref="fl-e"/>
      </object_component>
      <object_component id="oc-49">
         <name>.text</name>
         <load_address>0x30c3c</load_address>
         <run_address>0x30c3c</run_address>
         <size>0x9db</size>
         <input_file_ref idref="fl-f"/>
      </object_component>
      <object_component id="oc-3e">
         <name>.text</name>
         <load_address>0x31617</load_address>
         <run_address>0x31617</run_address>
         <size>0x68d</size>
         <input_file_ref idref="fl-d"/>
      </object_component>
      <object_component id="oc-58">
         <name>.text</name>
         <load_address>0x31ca4</load_address>
         <run_address>0x31ca4</run_address>
         <size>0x3cc</size>
         <input_file_ref idref="fl-26"/>
      </object_component>
      <object_component id="oc-50">
         <name>.text</name>
         <load_address>0x32070</load_address>
         <run_address>0x32070</run_address>
         <size>0x25a</size>
         <input_file_ref idref="fl-24"/>
      </object_component>
      <object_component id="oc-23">
         <name>.text</name>
         <load_address>0x322ca</load_address>
         <run_address>0x322ca</run_address>
         <size>0x21a</size>
         <input_file_ref idref="fl-4"/>
      </object_component>
      <object_component id="oc-9a">
         <name>.text</name>
         <load_address>0x324e4</load_address>
         <run_address>0x324e4</run_address>
         <size>0x1f2</size>
         <input_file_ref idref="fl-35"/>
      </object_component>
      <object_component id="oc-bc">
         <name>.text</name>
         <load_address>0x326d6</load_address>
         <run_address>0x326d6</run_address>
         <size>0x1ea</size>
         <input_file_ref idref="fl-3c"/>
      </object_component>
      <object_component id="oc-1b">
         <name>.text</name>
         <load_address>0x328c0</load_address>
         <run_address>0x328c0</run_address>
         <size>0x1e5</size>
         <input_file_ref idref="fl-3"/>
      </object_component>
      <object_component id="oc-8d">
         <name>.text</name>
         <load_address>0x32aa5</load_address>
         <run_address>0x32aa5</run_address>
         <size>0x14c</size>
         <input_file_ref idref="fl-32"/>
      </object_component>
      <object_component id="oc-28">
         <name>.text</name>
         <load_address>0x32bf1</load_address>
         <run_address>0x32bf1</run_address>
         <size>0x107</size>
         <input_file_ref idref="fl-9"/>
      </object_component>
      <object_component id="oc-c4">
         <name>.text</name>
         <load_address>0x32cf8</load_address>
         <run_address>0x32cf8</run_address>
         <size>0xbf</size>
         <input_file_ref idref="fl-3e"/>
      </object_component>
      <object_component id="oc-5c">
         <name>.text</name>
         <load_address>0x32db7</load_address>
         <run_address>0x32db7</run_address>
         <size>0xa1</size>
         <input_file_ref idref="fl-27"/>
      </object_component>
      <object_component id="oc-2e">
         <name>.text</name>
         <load_address>0x32e58</load_address>
         <run_address>0x32e58</run_address>
         <size>0x8e</size>
         <input_file_ref idref="fl-a"/>
      </object_component>
      <object_component id="oc-16">
         <name>.text</name>
         <load_address>0x32ee6</load_address>
         <run_address>0x32ee6</run_address>
         <size>0x80</size>
         <input_file_ref idref="fl-2"/>
      </object_component>
      <object_component id="oc-33">
         <name>.text</name>
         <load_address>0x32f66</load_address>
         <run_address>0x32f66</run_address>
         <size>0x77</size>
         <input_file_ref idref="fl-b"/>
      </object_component>
      <object_component id="oc-73">
         <name>.text</name>
         <load_address>0x32fdd</load_address>
         <run_address>0x32fdd</run_address>
         <size>0x77</size>
         <input_file_ref idref="fl-2c"/>
      </object_component>
      <object_component id="oc-c0">
         <name>.text</name>
         <load_address>0x33054</load_address>
         <run_address>0x33054</run_address>
         <size>0x76</size>
         <input_file_ref idref="fl-3d"/>
      </object_component>
      <object_component id="oc-85">
         <name>.text</name>
         <load_address>0x330ca</load_address>
         <run_address>0x330ca</run_address>
         <size>0x73</size>
         <input_file_ref idref="fl-30"/>
      </object_component>
      <object_component id="oc-91">
         <name>.text</name>
         <load_address>0x3313d</load_address>
         <run_address>0x3313d</run_address>
         <size>0x72</size>
         <input_file_ref idref="fl-33"/>
      </object_component>
      <object_component id="oc-6b">
         <name>.text</name>
         <load_address>0x331af</load_address>
         <run_address>0x331af</run_address>
         <size>0x6f</size>
         <input_file_ref idref="fl-2a"/>
      </object_component>
      <object_component id="oc-7b">
         <name>.text</name>
         <load_address>0x3321e</load_address>
         <run_address>0x3321e</run_address>
         <size>0x67</size>
         <input_file_ref idref="fl-2e"/>
      </object_component>
      <object_component id="oc-95">
         <name>.text</name>
         <load_address>0x33285</load_address>
         <run_address>0x33285</run_address>
         <size>0x5f</size>
         <input_file_ref idref="fl-34"/>
      </object_component>
      <object_component id="oc-80">
         <name>.text</name>
         <load_address>0x332e4</load_address>
         <run_address>0x332e4</run_address>
         <size>0x5b</size>
         <input_file_ref idref="fl-2f"/>
      </object_component>
      <object_component id="oc-39">
         <name>.text</name>
         <load_address>0x3333f</load_address>
         <run_address>0x3333f</run_address>
         <size>0x54</size>
         <input_file_ref idref="fl-c"/>
      </object_component>
      <object_component id="oc-b8">
         <name>.text</name>
         <load_address>0x33393</load_address>
         <run_address>0x33393</run_address>
         <size>0x4d</size>
         <input_file_ref idref="fl-3b"/>
      </object_component>
      <object_component id="oc-b4">
         <name>.text</name>
         <load_address>0x333e0</load_address>
         <run_address>0x333e0</run_address>
         <size>0x4b</size>
         <input_file_ref idref="fl-3a"/>
      </object_component>
      <object_component id="oc-a5">
         <name>.text</name>
         <load_address>0x3342b</load_address>
         <run_address>0x3342b</run_address>
         <size>0x41</size>
         <input_file_ref idref="fl-37"/>
      </object_component>
      <object_component id="oc-60">
         <name>.text</name>
         <load_address>0x3346c</load_address>
         <run_address>0x3346c</run_address>
         <size>0x3e</size>
         <input_file_ref idref="fl-28"/>
      </object_component>
      <object_component id="oc-14">
         <name>.text</name>
         <load_address>0x334aa</load_address>
         <run_address>0x334aa</run_address>
         <size>0x34</size>
         <input_file_ref idref="fl-25"/>
      </object_component>
      <object_component id="oc-67">
         <name>.text</name>
         <load_address>0x334de</load_address>
         <run_address>0x334de</run_address>
         <size>0x2a</size>
         <input_file_ref idref="fl-29"/>
      </object_component>
      <object_component id="oc-6f">
         <name>.text</name>
         <load_address>0x33508</load_address>
         <run_address>0x33508</run_address>
         <size>0x1b</size>
         <input_file_ref idref="fl-2b"/>
      </object_component>
      <object_component id="oc-a1">
         <name>.text</name>
         <load_address>0x33523</load_address>
         <run_address>0x33523</run_address>
         <size>0x14</size>
         <input_file_ref idref="fl-36"/>
      </object_component>
      <object_component id="oc-89">
         <name>.text</name>
         <load_address>0x33537</load_address>
         <run_address>0x33537</run_address>
         <size>0x13</size>
         <input_file_ref idref="fl-31"/>
      </object_component>
      <object_component id="oc-ae">
         <name>.text</name>
         <load_address>0x3354a</load_address>
         <run_address>0x3354a</run_address>
         <size>0x12</size>
         <input_file_ref idref="fl-39"/>
      </object_component>
      <object_component id="oc-c9">
         <name>.text</name>
         <load_address>0x3355c</load_address>
         <run_address>0x3355c</run_address>
         <size>0x10</size>
         <input_file_ref idref="fl-3f"/>
      </object_component>
      <object_component id="oc-77">
         <name>.text</name>
         <load_address>0x3356c</load_address>
         <run_address>0x3356c</run_address>
         <size>0xc</size>
         <input_file_ref idref="fl-2d"/>
      </object_component>
      <object_component id="oc-64">
         <name>.text:CIO_breakpoint</name>
         <load_address>0x33578</load_address>
         <run_address>0x33578</run_address>
         <size>0x7</size>
         <input_file_ref idref="fl-28"/>
      </object_component>
      <object_component id="oc-aa">
         <name>.text</name>
         <load_address>0x3357f</load_address>
         <run_address>0x3357f</run_address>
         <size>0x2</size>
         <input_file_ref idref="fl-38"/>
      </object_component>
      <object_component id="oc-1e">
         <name>.cinit</name>
         <load_address>0x3244</load_address>
         <run_address>0x3244</run_address>
         <size>0xec</size>
         <input_file_ref idref="fl-3"/>
      </object_component>
      <object_component id="oc-9d">
         <name>.cinit</name>
         <load_address>0x3330</load_address>
         <run_address>0x3330</run_address>
         <size>0x16</size>
         <input_file_ref idref="fl-35"/>
      </object_component>
      <object_component id="oc-b1">
         <name>.cinit</name>
         <load_address>0x3346</load_address>
         <run_address>0x3346</run_address>
         <size>0x14</size>
         <input_file_ref idref="fl-39"/>
      </object_component>
      <object_component id="oc-63">
         <name>.cinit</name>
         <load_address>0x335a</load_address>
         <run_address>0x335a</run_address>
         <size>0x14</size>
         <input_file_ref idref="fl-28"/>
      </object_component>
      <object_component id="oc-4c">
         <name>.cinit</name>
         <load_address>0x336e</load_address>
         <run_address>0x336e</run_address>
         <size>0x10</size>
         <input_file_ref idref="fl-f"/>
      </object_component>
      <object_component id="oc-9e">
         <name>.const</name>
         <load_address>0x3380</load_address>
         <run_address>0x3380</run_address>
         <size>0x28</size>
         <input_file_ref idref="fl-35"/>
      </object_component>
      <object_component id="oc-1f">
         <name>.const</name>
         <load_address>0x33a8</load_address>
         <run_address>0x33a8</run_address>
         <size>0x1c</size>
         <input_file_ref idref="fl-3"/>
      </object_component>
      <object_component id="oc-ce">
         <name>.const:_initial_approx$1</name>
         <load_address>0x33c4</load_address>
         <run_address>0x33c4</run_address>
         <size>0x10</size>
         <input_file_ref idref="fl-26"/>
      </object_component>
      <object_component id="oc-97">
         <name>.const</name>
         <load_address>0x33d4</load_address>
         <run_address>0x33d4</run_address>
         <size>0x10</size>
         <input_file_ref idref="fl-34"/>
      </object_component>
      <object_component id="oc-c6">
         <name>.const</name>
         <load_address>0x33e4</load_address>
         <run_address>0x33e4</run_address>
         <size>0xc</size>
         <input_file_ref idref="fl-3e"/>
      </object_component>
      <object_component id="oc-a7">
         <name>.const</name>
         <load_address>0x33f0</load_address>
         <run_address>0x33f0</run_address>
         <size>0x8</size>
         <input_file_ref idref="fl-37"/>
      </object_component>
      <object_component id="oc-7d">
         <name>.const</name>
         <load_address>0x33f8</load_address>
         <run_address>0x33f8</run_address>
         <size>0x4</size>
         <input_file_ref idref="fl-2e"/>
      </object_component>
      <object_component id="oc-82">
         <name>.const</name>
         <load_address>0x33fc</load_address>
         <run_address>0x33fc</run_address>
         <size>0x4</size>
         <input_file_ref idref="fl-2f"/>
      </object_component>
      <object_component id="oc-17">
         <name>.debug_info</name>
         <load_address>0x0</load_address>
         <run_address>0x0</run_address>
         <size>0x1088</size>
         <input_file_ref idref="fl-2"/>
      </object_component>
      <object_component id="oc-1d">
         <name>.debug_info</name>
         <load_address>0x1088</load_address>
         <run_address>0x1088</run_address>
         <size>0x9ac</size>
         <input_file_ref idref="fl-3"/>
      </object_component>
      <object_component id="oc-24">
         <name>.debug_info</name>
         <load_address>0x1a34</load_address>
         <run_address>0x1a34</run_address>
         <size>0xace</size>
         <input_file_ref idref="fl-4"/>
      </object_component>
      <object_component id="oc-2a">
         <name>.debug_info</name>
         <load_address>0x2502</load_address>
         <run_address>0x2502</run_address>
         <size>0x14ef</size>
         <input_file_ref idref="fl-9"/>
      </object_component>
      <object_component id="oc-2f">
         <name>.debug_info</name>
         <load_address>0x39f1</load_address>
         <run_address>0x39f1</run_address>
         <size>0xa21</size>
         <input_file_ref idref="fl-a"/>
      </object_component>
      <object_component id="oc-35">
         <name>.debug_info</name>
         <load_address>0x4412</load_address>
         <run_address>0x4412</run_address>
         <size>0xede</size>
         <input_file_ref idref="fl-b"/>
      </object_component>
      <object_component id="oc-3a">
         <name>.debug_info</name>
         <load_address>0x52f0</load_address>
         <run_address>0x52f0</run_address>
         <size>0xc69</size>
         <input_file_ref idref="fl-c"/>
      </object_component>
      <object_component id="oc-3f">
         <name>.debug_info</name>
         <load_address>0x5f59</load_address>
         <run_address>0x5f59</run_address>
         <size>0x699c</size>
         <input_file_ref idref="fl-d"/>
      </object_component>
      <object_component id="oc-45">
         <name>.debug_info</name>
         <load_address>0xc8f5</load_address>
         <run_address>0xc8f5</run_address>
         <size>0x7053</size>
         <input_file_ref idref="fl-e"/>
      </object_component>
      <object_component id="oc-4b">
         <name>.debug_info</name>
         <load_address>0x13948</load_address>
         <run_address>0x13948</run_address>
         <size>0x6e6d</size>
         <input_file_ref idref="fl-f"/>
      </object_component>
      <object_component id="oc-51">
         <name>.debug_info</name>
         <load_address>0x1a7b5</load_address>
         <run_address>0x1a7b5</run_address>
         <size>0x5ab</size>
         <input_file_ref idref="fl-24"/>
      </object_component>
      <object_component id="oc-55">
         <name>.debug_info</name>
         <load_address>0x1ad60</load_address>
         <run_address>0x1ad60</run_address>
         <size>0xe8</size>
         <input_file_ref idref="fl-25"/>
      </object_component>
      <object_component id="oc-59">
         <name>.debug_info</name>
         <load_address>0x1ae48</load_address>
         <run_address>0x1ae48</run_address>
         <size>0x7e8</size>
         <input_file_ref idref="fl-26"/>
      </object_component>
      <object_component id="oc-5d">
         <name>.debug_info</name>
         <load_address>0x1b630</load_address>
         <run_address>0x1b630</run_address>
         <size>0x534</size>
         <input_file_ref idref="fl-27"/>
      </object_component>
      <object_component id="oc-62">
         <name>.debug_info</name>
         <load_address>0x1bb64</load_address>
         <run_address>0x1bb64</run_address>
         <size>0x5fb</size>
         <input_file_ref idref="fl-28"/>
      </object_component>
      <object_component id="oc-68">
         <name>.debug_info</name>
         <load_address>0x1c15f</load_address>
         <run_address>0x1c15f</run_address>
         <size>0x4cf</size>
         <input_file_ref idref="fl-29"/>
      </object_component>
      <object_component id="oc-6c">
         <name>.debug_info</name>
         <load_address>0x1c62e</load_address>
         <run_address>0x1c62e</run_address>
         <size>0x534</size>
         <input_file_ref idref="fl-2a"/>
      </object_component>
      <object_component id="oc-70">
         <name>.debug_info</name>
         <load_address>0x1cb62</load_address>
         <run_address>0x1cb62</run_address>
         <size>0x4cf</size>
         <input_file_ref idref="fl-2b"/>
      </object_component>
      <object_component id="oc-74">
         <name>.debug_info</name>
         <load_address>0x1d031</load_address>
         <run_address>0x1d031</run_address>
         <size>0x534</size>
         <input_file_ref idref="fl-2c"/>
      </object_component>
      <object_component id="oc-78">
         <name>.debug_info</name>
         <load_address>0x1d565</load_address>
         <run_address>0x1d565</run_address>
         <size>0x4cf</size>
         <input_file_ref idref="fl-2d"/>
      </object_component>
      <object_component id="oc-7c">
         <name>.debug_info</name>
         <load_address>0x1da34</load_address>
         <run_address>0x1da34</run_address>
         <size>0x549</size>
         <input_file_ref idref="fl-2e"/>
      </object_component>
      <object_component id="oc-81">
         <name>.debug_info</name>
         <load_address>0x1df7d</load_address>
         <run_address>0x1df7d</run_address>
         <size>0x549</size>
         <input_file_ref idref="fl-2f"/>
      </object_component>
      <object_component id="oc-86">
         <name>.debug_info</name>
         <load_address>0x1e4c6</load_address>
         <run_address>0x1e4c6</run_address>
         <size>0x53e</size>
         <input_file_ref idref="fl-30"/>
      </object_component>
      <object_component id="oc-8a">
         <name>.debug_info</name>
         <load_address>0x1ea04</load_address>
         <run_address>0x1ea04</run_address>
         <size>0xbd</size>
         <input_file_ref idref="fl-31"/>
      </object_component>
      <object_component id="oc-8e">
         <name>.debug_info</name>
         <load_address>0x1eac1</load_address>
         <run_address>0x1eac1</run_address>
         <size>0x55b</size>
         <input_file_ref idref="fl-32"/>
      </object_component>
      <object_component id="oc-92">
         <name>.debug_info</name>
         <load_address>0x1f01c</load_address>
         <run_address>0x1f01c</run_address>
         <size>0x534</size>
         <input_file_ref idref="fl-33"/>
      </object_component>
      <object_component id="oc-96">
         <name>.debug_info</name>
         <load_address>0x1f550</load_address>
         <run_address>0x1f550</run_address>
         <size>0x52e</size>
         <input_file_ref idref="fl-34"/>
      </object_component>
      <object_component id="oc-9c">
         <name>.debug_info</name>
         <load_address>0x1fa7e</load_address>
         <run_address>0x1fa7e</run_address>
         <size>0x6ef</size>
         <input_file_ref idref="fl-35"/>
      </object_component>
      <object_component id="oc-a2">
         <name>.debug_info</name>
         <load_address>0x2016d</load_address>
         <run_address>0x2016d</run_address>
         <size>0x4de</size>
         <input_file_ref idref="fl-36"/>
      </object_component>
      <object_component id="oc-a6">
         <name>.debug_info</name>
         <load_address>0x2064b</load_address>
         <run_address>0x2064b</run_address>
         <size>0x521</size>
         <input_file_ref idref="fl-37"/>
      </object_component>
      <object_component id="oc-ab">
         <name>.debug_info</name>
         <load_address>0x20b6c</load_address>
         <run_address>0x20b6c</run_address>
         <size>0xbc</size>
         <input_file_ref idref="fl-38"/>
      </object_component>
      <object_component id="oc-b0">
         <name>.debug_info</name>
         <load_address>0x20c28</load_address>
         <run_address>0x20c28</run_address>
         <size>0x5bc</size>
         <input_file_ref idref="fl-39"/>
      </object_component>
      <object_component id="oc-b5">
         <name>.debug_info</name>
         <load_address>0x211e4</load_address>
         <run_address>0x211e4</run_address>
         <size>0x586</size>
         <input_file_ref idref="fl-3a"/>
      </object_component>
      <object_component id="oc-b9">
         <name>.debug_info</name>
         <load_address>0x2176a</load_address>
         <run_address>0x2176a</run_address>
         <size>0xcd</size>
         <input_file_ref idref="fl-3b"/>
      </object_component>
      <object_component id="oc-bd">
         <name>.debug_info</name>
         <load_address>0x21837</load_address>
         <run_address>0x21837</run_address>
         <size>0x81f</size>
         <input_file_ref idref="fl-3c"/>
      </object_component>
      <object_component id="oc-c1">
         <name>.debug_info</name>
         <load_address>0x22056</load_address>
         <run_address>0x22056</run_address>
         <size>0x4d2</size>
         <input_file_ref idref="fl-3d"/>
      </object_component>
      <object_component id="oc-c5">
         <name>.debug_info</name>
         <load_address>0x22528</load_address>
         <run_address>0x22528</run_address>
         <size>0x50c</size>
         <input_file_ref idref="fl-3e"/>
      </object_component>
      <object_component id="oc-ca">
         <name>.debug_info</name>
         <load_address>0x22a34</load_address>
         <run_address>0x22a34</run_address>
         <size>0x4b7</size>
         <input_file_ref idref="fl-3f"/>
      </object_component>
      <object_component id="oc-ed">
         <name>.debug_info</name>
         <load_address>0x22eeb</load_address>
         <run_address>0x22eeb</run_address>
         <size>0x6e</size>
      </object_component>
      <object_component id="oc-18">
         <name>.debug_frame</name>
         <load_address>0x0</load_address>
         <run_address>0x0</run_address>
         <size>0x155</size>
         <input_file_ref idref="fl-2"/>
      </object_component>
      <object_component id="oc-20">
         <name>.debug_frame</name>
         <load_address>0x155</load_address>
         <run_address>0x155</run_address>
         <size>0x10e</size>
         <input_file_ref idref="fl-3"/>
      </object_component>
      <object_component id="oc-25">
         <name>.debug_frame</name>
         <load_address>0x263</load_address>
         <run_address>0x263</run_address>
         <size>0x101</size>
         <input_file_ref idref="fl-4"/>
      </object_component>
      <object_component id="oc-2b">
         <name>.debug_frame</name>
         <load_address>0x364</load_address>
         <run_address>0x364</run_address>
         <size>0x171</size>
         <input_file_ref idref="fl-9"/>
      </object_component>
      <object_component id="oc-30">
         <name>.debug_frame</name>
         <load_address>0x4d5</load_address>
         <run_address>0x4d5</run_address>
         <size>0x138</size>
         <input_file_ref idref="fl-a"/>
      </object_component>
      <object_component id="oc-36">
         <name>.debug_frame</name>
         <load_address>0x60d</load_address>
         <run_address>0x60d</run_address>
         <size>0x138</size>
         <input_file_ref idref="fl-b"/>
      </object_component>
      <object_component id="oc-3b">
         <name>.debug_frame</name>
         <load_address>0x745</load_address>
         <run_address>0x745</run_address>
         <size>0x116</size>
         <input_file_ref idref="fl-c"/>
      </object_component>
      <object_component id="oc-40">
         <name>.debug_frame</name>
         <load_address>0x85b</load_address>
         <run_address>0x85b</run_address>
         <size>0x224</size>
         <input_file_ref idref="fl-d"/>
      </object_component>
      <object_component id="oc-46">
         <name>.debug_frame</name>
         <load_address>0xa7f</load_address>
         <run_address>0xa7f</run_address>
         <size>0x1ef</size>
         <input_file_ref idref="fl-e"/>
      </object_component>
      <object_component id="oc-4d">
         <name>.debug_frame</name>
         <load_address>0xc6e</load_address>
         <run_address>0xc6e</run_address>
         <size>0x197</size>
         <input_file_ref idref="fl-f"/>
      </object_component>
      <object_component id="oc-19">
         <name>.debug_line</name>
         <load_address>0x0</load_address>
         <run_address>0x0</run_address>
         <size>0xaa</size>
         <input_file_ref idref="fl-2"/>
      </object_component>
      <object_component id="oc-21">
         <name>.debug_line</name>
         <load_address>0xaa</load_address>
         <run_address>0xaa</run_address>
         <size>0x9c</size>
         <input_file_ref idref="fl-3"/>
      </object_component>
      <object_component id="oc-26">
         <name>.debug_line</name>
         <load_address>0x146</load_address>
         <run_address>0x146</run_address>
         <size>0xbf</size>
         <input_file_ref idref="fl-4"/>
      </object_component>
      <object_component id="oc-2c">
         <name>.debug_line</name>
         <load_address>0x205</load_address>
         <run_address>0x205</run_address>
         <size>0xe6</size>
         <input_file_ref idref="fl-9"/>
      </object_component>
      <object_component id="oc-31">
         <name>.debug_line</name>
         <load_address>0x2eb</load_address>
         <run_address>0x2eb</run_address>
         <size>0xa7</size>
         <input_file_ref idref="fl-a"/>
      </object_component>
      <object_component id="oc-37">
         <name>.debug_line</name>
         <load_address>0x392</load_address>
         <run_address>0x392</run_address>
         <size>0x9f</size>
         <input_file_ref idref="fl-b"/>
      </object_component>
      <object_component id="oc-3c">
         <name>.debug_line</name>
         <load_address>0x431</load_address>
         <run_address>0x431</run_address>
         <size>0x82</size>
         <input_file_ref idref="fl-c"/>
      </object_component>
      <object_component id="oc-41">
         <name>.debug_line</name>
         <load_address>0x4b3</load_address>
         <run_address>0x4b3</run_address>
         <size>0x4fc</size>
         <input_file_ref idref="fl-d"/>
      </object_component>
      <object_component id="oc-47">
         <name>.debug_line</name>
         <load_address>0x9af</load_address>
         <run_address>0x9af</run_address>
         <size>0x6a1</size>
         <input_file_ref idref="fl-e"/>
      </object_component>
      <object_component id="oc-4e">
         <name>.debug_line</name>
         <load_address>0x1050</load_address>
         <run_address>0x1050</run_address>
         <size>0x680</size>
         <input_file_ref idref="fl-f"/>
      </object_component>
      <object_component id="oc-52">
         <name>.debug_line</name>
         <load_address>0x16d0</load_address>
         <run_address>0x16d0</run_address>
         <size>0x5c</size>
         <input_file_ref idref="fl-24"/>
      </object_component>
      <object_component id="oc-56">
         <name>.debug_line</name>
         <load_address>0x172c</load_address>
         <run_address>0x172c</run_address>
         <size>0x54</size>
         <input_file_ref idref="fl-25"/>
      </object_component>
      <object_component id="oc-5a">
         <name>.debug_line</name>
         <load_address>0x1780</load_address>
         <run_address>0x1780</run_address>
         <size>0x5b</size>
         <input_file_ref idref="fl-26"/>
      </object_component>
      <object_component id="oc-5e">
         <name>.debug_line</name>
         <load_address>0x17db</load_address>
         <run_address>0x17db</run_address>
         <size>0x44</size>
         <input_file_ref idref="fl-27"/>
      </object_component>
      <object_component id="oc-65">
         <name>.debug_line</name>
         <load_address>0x181f</load_address>
         <run_address>0x181f</run_address>
         <size>0x51</size>
         <input_file_ref idref="fl-28"/>
      </object_component>
      <object_component id="oc-69">
         <name>.debug_line</name>
         <load_address>0x1870</load_address>
         <run_address>0x1870</run_address>
         <size>0x3d</size>
         <input_file_ref idref="fl-29"/>
      </object_component>
      <object_component id="oc-6d">
         <name>.debug_line</name>
         <load_address>0x18ad</load_address>
         <run_address>0x18ad</run_address>
         <size>0x3d</size>
         <input_file_ref idref="fl-2a"/>
      </object_component>
      <object_component id="oc-71">
         <name>.debug_line</name>
         <load_address>0x18ea</load_address>
         <run_address>0x18ea</run_address>
         <size>0x3d</size>
         <input_file_ref idref="fl-2b"/>
      </object_component>
      <object_component id="oc-75">
         <name>.debug_line</name>
         <load_address>0x1927</load_address>
         <run_address>0x1927</run_address>
         <size>0x3d</size>
         <input_file_ref idref="fl-2c"/>
      </object_component>
      <object_component id="oc-79">
         <name>.debug_line</name>
         <load_address>0x1964</load_address>
         <run_address>0x1964</run_address>
         <size>0x3d</size>
         <input_file_ref idref="fl-2d"/>
      </object_component>
      <object_component id="oc-7e">
         <name>.debug_line</name>
         <load_address>0x19a1</load_address>
         <run_address>0x19a1</run_address>
         <size>0x44</size>
         <input_file_ref idref="fl-2e"/>
      </object_component>
      <object_component id="oc-83">
         <name>.debug_line</name>
         <load_address>0x19e5</load_address>
         <run_address>0x19e5</run_address>
         <size>0x44</size>
         <input_file_ref idref="fl-2f"/>
      </object_component>
      <object_component id="oc-87">
         <name>.debug_line</name>
         <load_address>0x1a29</load_address>
         <run_address>0x1a29</run_address>
         <size>0x40</size>
         <input_file_ref idref="fl-30"/>
      </object_component>
      <object_component id="oc-8b">
         <name>.debug_line</name>
         <load_address>0x1a69</load_address>
         <run_address>0x1a69</run_address>
         <size>0x3c</size>
         <input_file_ref idref="fl-31"/>
      </object_component>
      <object_component id="oc-8f">
         <name>.debug_line</name>
         <load_address>0x1aa5</load_address>
         <run_address>0x1aa5</run_address>
         <size>0x3c</size>
         <input_file_ref idref="fl-32"/>
      </object_component>
      <object_component id="oc-93">
         <name>.debug_line</name>
         <load_address>0x1ae1</load_address>
         <run_address>0x1ae1</run_address>
         <size>0x44</size>
         <input_file_ref idref="fl-33"/>
      </object_component>
      <object_component id="oc-98">
         <name>.debug_line</name>
         <load_address>0x1b25</load_address>
         <run_address>0x1b25</run_address>
         <size>0x3a</size>
         <input_file_ref idref="fl-34"/>
      </object_component>
      <object_component id="oc-9f">
         <name>.debug_line</name>
         <load_address>0x1b5f</load_address>
         <run_address>0x1b5f</run_address>
         <size>0x54</size>
         <input_file_ref idref="fl-35"/>
      </object_component>
      <object_component id="oc-a3">
         <name>.debug_line</name>
         <load_address>0x1bb3</load_address>
         <run_address>0x1bb3</run_address>
         <size>0x37</size>
         <input_file_ref idref="fl-36"/>
      </object_component>
      <object_component id="oc-a8">
         <name>.debug_line</name>
         <load_address>0x1bea</load_address>
         <run_address>0x1bea</run_address>
         <size>0x38</size>
         <input_file_ref idref="fl-37"/>
      </object_component>
      <object_component id="oc-ac">
         <name>.debug_line</name>
         <load_address>0x1c22</load_address>
         <run_address>0x1c22</run_address>
         <size>0x37</size>
         <input_file_ref idref="fl-38"/>
      </object_component>
      <object_component id="oc-b2">
         <name>.debug_line</name>
         <load_address>0x1c59</load_address>
         <run_address>0x1c59</run_address>
         <size>0x57</size>
         <input_file_ref idref="fl-39"/>
      </object_component>
      <object_component id="oc-b6">
         <name>.debug_line</name>
         <load_address>0x1cb0</load_address>
         <run_address>0x1cb0</run_address>
         <size>0x41</size>
         <input_file_ref idref="fl-3a"/>
      </object_component>
      <object_component id="oc-ba">
         <name>.debug_line</name>
         <load_address>0x1cf1</load_address>
         <run_address>0x1cf1</run_address>
         <size>0x55</size>
         <input_file_ref idref="fl-3b"/>
      </object_component>
      <object_component id="oc-be">
         <name>.debug_line</name>
         <load_address>0x1d46</load_address>
         <run_address>0x1d46</run_address>
         <size>0xad</size>
         <input_file_ref idref="fl-3c"/>
      </object_component>
      <object_component id="oc-c2">
         <name>.debug_line</name>
         <load_address>0x1df3</load_address>
         <run_address>0x1df3</run_address>
         <size>0x3a</size>
         <input_file_ref idref="fl-3d"/>
      </object_component>
      <object_component id="oc-c7">
         <name>.debug_line</name>
         <load_address>0x1e2d</load_address>
         <run_address>0x1e2d</run_address>
         <size>0x3c</size>
         <input_file_ref idref="fl-3e"/>
      </object_component>
      <object_component id="oc-cb">
         <name>.debug_line</name>
         <load_address>0x1e69</load_address>
         <run_address>0x1e69</run_address>
         <size>0x37</size>
         <input_file_ref idref="fl-3f"/>
      </object_component>
      <object_component id="oc-1a">
         <name>.debug_abbrev</name>
         <load_address>0x0</load_address>
         <run_address>0x0</run_address>
         <size>0x145</size>
         <input_file_ref idref="fl-2"/>
      </object_component>
      <object_component id="oc-22">
         <name>.debug_abbrev</name>
         <load_address>0x145</load_address>
         <run_address>0x145</run_address>
         <size>0x14b</size>
         <input_file_ref idref="fl-3"/>
      </object_component>
      <object_component id="oc-27">
         <name>.debug_abbrev</name>
         <load_address>0x290</load_address>
         <run_address>0x290</run_address>
         <size>0x105</size>
         <input_file_ref idref="fl-4"/>
      </object_component>
      <object_component id="oc-2d">
         <name>.debug_abbrev</name>
         <load_address>0x395</load_address>
         <run_address>0x395</run_address>
         <size>0x164</size>
         <input_file_ref idref="fl-9"/>
      </object_component>
      <object_component id="oc-32">
         <name>.debug_abbrev</name>
         <load_address>0x4f9</load_address>
         <run_address>0x4f9</run_address>
         <size>0xd9</size>
         <input_file_ref idref="fl-a"/>
      </object_component>
      <object_component id="oc-38">
         <name>.debug_abbrev</name>
         <load_address>0x5d2</load_address>
         <run_address>0x5d2</run_address>
         <size>0x122</size>
         <input_file_ref idref="fl-b"/>
      </object_component>
      <object_component id="oc-3d">
         <name>.debug_abbrev</name>
         <load_address>0x6f4</load_address>
         <run_address>0x6f4</run_address>
         <size>0x12d</size>
         <input_file_ref idref="fl-c"/>
      </object_component>
      <object_component id="oc-42">
         <name>.debug_abbrev</name>
         <load_address>0x821</load_address>
         <run_address>0x821</run_address>
         <size>0x1a7</size>
         <input_file_ref idref="fl-d"/>
      </object_component>
      <object_component id="oc-48">
         <name>.debug_abbrev</name>
         <load_address>0x9c8</load_address>
         <run_address>0x9c8</run_address>
         <size>0x25d</size>
         <input_file_ref idref="fl-e"/>
      </object_component>
      <object_component id="oc-4f">
         <name>.debug_abbrev</name>
         <load_address>0xc25</load_address>
         <run_address>0xc25</run_address>
         <size>0x237</size>
         <input_file_ref idref="fl-f"/>
      </object_component>
      <object_component id="oc-53">
         <name>.debug_abbrev</name>
         <load_address>0xe5c</load_address>
         <run_address>0xe5c</run_address>
         <size>0xd4</size>
         <input_file_ref idref="fl-24"/>
      </object_component>
      <object_component id="oc-57">
         <name>.debug_abbrev</name>
         <load_address>0xf30</load_address>
         <run_address>0xf30</run_address>
         <size>0x3a</size>
         <input_file_ref idref="fl-25"/>
      </object_component>
      <object_component id="oc-5b">
         <name>.debug_abbrev</name>
         <load_address>0xf6a</load_address>
         <run_address>0xf6a</run_address>
         <size>0x112</size>
         <input_file_ref idref="fl-26"/>
      </object_component>
      <object_component id="oc-5f">
         <name>.debug_abbrev</name>
         <load_address>0x107c</load_address>
         <run_address>0x107c</run_address>
         <size>0xb5</size>
         <input_file_ref idref="fl-27"/>
      </object_component>
      <object_component id="oc-66">
         <name>.debug_abbrev</name>
         <load_address>0x1131</load_address>
         <run_address>0x1131</run_address>
         <size>0xf7</size>
         <input_file_ref idref="fl-28"/>
      </object_component>
      <object_component id="oc-6a">
         <name>.debug_abbrev</name>
         <load_address>0x1228</load_address>
         <run_address>0x1228</run_address>
         <size>0x8f</size>
         <input_file_ref idref="fl-29"/>
      </object_component>
      <object_component id="oc-6e">
         <name>.debug_abbrev</name>
         <load_address>0x12b7</load_address>
         <run_address>0x12b7</run_address>
         <size>0xb7</size>
         <input_file_ref idref="fl-2a"/>
      </object_component>
      <object_component id="oc-72">
         <name>.debug_abbrev</name>
         <load_address>0x136e</load_address>
         <run_address>0x136e</run_address>
         <size>0x8f</size>
         <input_file_ref idref="fl-2b"/>
      </object_component>
      <object_component id="oc-76">
         <name>.debug_abbrev</name>
         <load_address>0x13fd</load_address>
         <run_address>0x13fd</run_address>
         <size>0xb7</size>
         <input_file_ref idref="fl-2c"/>
      </object_component>
      <object_component id="oc-7a">
         <name>.debug_abbrev</name>
         <load_address>0x14b4</load_address>
         <run_address>0x14b4</run_address>
         <size>0x8f</size>
         <input_file_ref idref="fl-2d"/>
      </object_component>
      <object_component id="oc-7f">
         <name>.debug_abbrev</name>
         <load_address>0x1543</load_address>
         <run_address>0x1543</run_address>
         <size>0xc2</size>
         <input_file_ref idref="fl-2e"/>
      </object_component>
      <object_component id="oc-84">
         <name>.debug_abbrev</name>
         <load_address>0x1605</load_address>
         <run_address>0x1605</run_address>
         <size>0xc2</size>
         <input_file_ref idref="fl-2f"/>
      </object_component>
      <object_component id="oc-88">
         <name>.debug_abbrev</name>
         <load_address>0x16c7</load_address>
         <run_address>0x16c7</run_address>
         <size>0x9a</size>
         <input_file_ref idref="fl-30"/>
      </object_component>
      <object_component id="oc-8c">
         <name>.debug_abbrev</name>
         <load_address>0x1761</load_address>
         <run_address>0x1761</run_address>
         <size>0x38</size>
         <input_file_ref idref="fl-31"/>
      </object_component>
      <object_component id="oc-90">
         <name>.debug_abbrev</name>
         <load_address>0x1799</load_address>
         <run_address>0x1799</run_address>
         <size>0xdc</size>
         <input_file_ref idref="fl-32"/>
      </object_component>
      <object_component id="oc-94">
         <name>.debug_abbrev</name>
         <load_address>0x1875</load_address>
         <run_address>0x1875</run_address>
         <size>0xb5</size>
         <input_file_ref idref="fl-33"/>
      </object_component>
      <object_component id="oc-99">
         <name>.debug_abbrev</name>
         <load_address>0x192a</load_address>
         <run_address>0x192a</run_address>
         <size>0xaf</size>
         <input_file_ref idref="fl-34"/>
      </object_component>
      <object_component id="oc-a0">
         <name>.debug_abbrev</name>
         <load_address>0x19d9</load_address>
         <run_address>0x19d9</run_address>
         <size>0xcc</size>
         <input_file_ref idref="fl-35"/>
      </object_component>
      <object_component id="oc-a4">
         <name>.debug_abbrev</name>
         <load_address>0x1aa5</load_address>
         <run_address>0x1aa5</run_address>
         <size>0x8f</size>
         <input_file_ref idref="fl-36"/>
      </object_component>
      <object_component id="oc-a9">
         <name>.debug_abbrev</name>
         <load_address>0x1b34</load_address>
         <run_address>0x1b34</run_address>
         <size>0xaf</size>
         <input_file_ref idref="fl-37"/>
      </object_component>
      <object_component id="oc-ad">
         <name>.debug_abbrev</name>
         <load_address>0x1be3</load_address>
         <run_address>0x1be3</run_address>
         <size>0x26</size>
         <input_file_ref idref="fl-38"/>
      </object_component>
      <object_component id="oc-b3">
         <name>.debug_abbrev</name>
         <load_address>0x1c09</load_address>
         <run_address>0x1c09</run_address>
         <size>0x9f</size>
         <input_file_ref idref="fl-39"/>
      </object_component>
      <object_component id="oc-b7">
         <name>.debug_abbrev</name>
         <load_address>0x1ca8</load_address>
         <run_address>0x1ca8</run_address>
         <size>0xec</size>
         <input_file_ref idref="fl-3a"/>
      </object_component>
      <object_component id="oc-bb">
         <name>.debug_abbrev</name>
         <load_address>0x1d94</load_address>
         <run_address>0x1d94</run_address>
         <size>0x44</size>
         <input_file_ref idref="fl-3b"/>
      </object_component>
      <object_component id="oc-bf">
         <name>.debug_abbrev</name>
         <load_address>0x1dd8</load_address>
         <run_address>0x1dd8</run_address>
         <size>0xb7</size>
         <input_file_ref idref="fl-3c"/>
      </object_component>
      <object_component id="oc-c3">
         <name>.debug_abbrev</name>
         <load_address>0x1e8f</load_address>
         <run_address>0x1e8f</run_address>
         <size>0x81</size>
         <input_file_ref idref="fl-3d"/>
      </object_component>
      <object_component id="oc-c8">
         <name>.debug_abbrev</name>
         <load_address>0x1f10</load_address>
         <run_address>0x1f10</run_address>
         <size>0x98</size>
         <input_file_ref idref="fl-3e"/>
      </object_component>
      <object_component id="oc-cc">
         <name>.debug_abbrev</name>
         <load_address>0x1fa8</load_address>
         <run_address>0x1fa8</run_address>
         <size>0x81</size>
         <input_file_ref idref="fl-3f"/>
      </object_component>
      <object_component id="oc-ee">
         <name>.debug_abbrev</name>
         <load_address>0x2029</load_address>
         <run_address>0x2029</run_address>
         <size>0xd</size>
      </object_component>
   </object_component_list>
   <logical_group_list>
      <logical_group id="lg-2">
         <name>vectors</name>
         <load_address>0x3400</load_address>
         <run_address>0x3400</run_address>
         <size>0x100</size>
         <contents>
            <object_component_ref idref="oc-15"/>
         </contents>
      </logical_group>
      <logical_group id="lg-3">
         <name>.bss</name>
         <run_address>0x30c0</run_address>
         <size>0x184</size>
         <contents>
            <object_component_ref idref="oc-1c"/>
            <object_component_ref idref="oc-29"/>
            <object_component_ref idref="oc-34"/>
            <object_component_ref idref="oc-44"/>
            <object_component_ref idref="oc-4a"/>
            <object_component_ref idref="oc-61"/>
            <object_component_ref idref="oc-9b"/>
            <object_component_ref idref="oc-af"/>
         </contents>
      </logical_group>
      <logical_group id="lg-4">
         <name>vector</name>
         <run_address>0x0</run_address>
         <size>0x0</size>
         <contents>
         </contents>
      </logical_group>
      <logical_group id="lg-5">
         <name>.stack</name>
         <run_address>0xc0</run_address>
         <size>0x2000</size>
         <contents>
            <object_component_ref idref="oc-54"/>
            <object_component_ref idref="oc-ea"/>
         </contents>
      </logical_group>
      <logical_group id="lg-6">
         <name>.sysstack</name>
         <run_address>0x20c0</run_address>
         <size>0x1000</size>
         <contents>
            <object_component_ref idref="oc-cd"/>
            <object_component_ref idref="oc-eb"/>
         </contents>
      </logical_group>
      <logical_group id="lg-7">
         <name>.sysmem</name>
         <run_address>0x0</run_address>
         <size>0x0</size>
         <contents>
         </contents>
      </logical_group>
      <logical_group id="lg-8">
         <name>.text</name>
         <load_address>0x30000</load_address>
         <run_address>0x30000</run_address>
         <size>0x3582</size>
         <contents>
            <object_component_ref idref="oc-43"/>
            <object_component_ref idref="oc-49"/>
            <object_component_ref idref="oc-3e"/>
            <object_component_ref idref="oc-58"/>
            <object_component_ref idref="oc-50"/>
            <object_component_ref idref="oc-23"/>
            <object_component_ref idref="oc-9a"/>
            <object_component_ref idref="oc-bc"/>
            <object_component_ref idref="oc-1b"/>
            <object_component_ref idref="oc-8d"/>
            <object_component_ref idref="oc-28"/>
            <object_component_ref idref="oc-c4"/>
            <object_component_ref idref="oc-5c"/>
            <object_component_ref idref="oc-2e"/>
            <object_component_ref idref="oc-16"/>
            <object_component_ref idref="oc-33"/>
            <object_component_ref idref="oc-73"/>
            <object_component_ref idref="oc-c0"/>
            <object_component_ref idref="oc-85"/>
            <object_component_ref idref="oc-91"/>
            <object_component_ref idref="oc-6b"/>
            <object_component_ref idref="oc-7b"/>
            <object_component_ref idref="oc-95"/>
            <object_component_ref idref="oc-80"/>
            <object_component_ref idref="oc-39"/>
            <object_component_ref idref="oc-b8"/>
            <object_component_ref idref="oc-b4"/>
            <object_component_ref idref="oc-a5"/>
            <object_component_ref idref="oc-60"/>
            <object_component_ref idref="oc-14"/>
            <object_component_ref idref="oc-67"/>
            <object_component_ref idref="oc-6f"/>
            <object_component_ref idref="oc-a1"/>
            <object_component_ref idref="oc-89"/>
            <object_component_ref idref="oc-ae"/>
            <object_component_ref idref="oc-c9"/>
            <object_component_ref idref="oc-77"/>
            <object_component_ref idref="oc-64"/>
            <object_component_ref idref="oc-aa"/>
         </contents>
      </logical_group>
      <logical_group id="lg-9">
         <name>.data</name>
         <run_address>0xc0</run_address>
         <size>0x0</size>
         <contents>
         </contents>
      </logical_group>
      <logical_group id="lg-a">
         <name>.cinit</name>
         <load_address>0x3244</load_address>
         <run_address>0x3244</run_address>
         <size>0x13c</size>
         <contents>
            <object_component_ref idref="oc-1e"/>
            <object_component_ref idref="oc-9d"/>
            <object_component_ref idref="oc-b1"/>
            <object_component_ref idref="oc-63"/>
            <object_component_ref idref="oc-4c"/>
         </contents>
      </logical_group>
      <logical_group id="lg-b">
         <name>.const</name>
         <load_address>0x3380</load_address>
         <run_address>0x3380</run_address>
         <size>0x80</size>
         <contents>
            <object_component_ref idref="oc-9e"/>
            <object_component_ref idref="oc-1f"/>
            <object_component_ref idref="oc-ce"/>
            <object_component_ref idref="oc-97"/>
            <object_component_ref idref="oc-c6"/>
            <object_component_ref idref="oc-a7"/>
            <object_component_ref idref="oc-7d"/>
            <object_component_ref idref="oc-82"/>
         </contents>
      </logical_group>
      <logical_group id="lg-c">
         <name>.cio</name>
         <run_address>0x0</run_address>
         <size>0x0</size>
         <contents>
         </contents>
      </logical_group>
      <logical_group id="lg-d">
         <name>.usect</name>
         <run_address>0x0</run_address>
         <size>0x0</size>
         <contents>
         </contents>
      </logical_group>
      <logical_group id="lg-e">
         <name>.switch</name>
         <run_address>0x0</run_address>
         <size>0x0</size>
         <contents>
         </contents>
      </logical_group>
      <logical_group id="lg-f">
         <name>.emif_cs0</name>
         <run_address>0x0</run_address>
         <size>0x0</size>
         <contents>
         </contents>
      </logical_group>
      <logical_group id="lg-10">
         <name>.emif_cs2</name>
         <run_address>0x0</run_address>
         <size>0x0</size>
         <contents>
         </contents>
      </logical_group>
      <logical_group id="lg-11">
         <name>.emif_cs3</name>
         <run_address>0x0</run_address>
         <size>0x0</size>
         <contents>
         </contents>
      </logical_group>
      <logical_group id="lg-12">
         <name>.emif_cs4</name>
         <run_address>0x0</run_address>
         <size>0x0</size>
         <contents>
         </contents>
      </logical_group>
      <logical_group id="lg-13">
         <name>.emif_cs5</name>
         <run_address>0x0</run_address>
         <size>0x0</size>
         <contents>
         </contents>
      </logical_group>
      <logical_group id="lg-e1">
         <name>.debug_info</name>
         <load_address>0x0</load_address>
         <run_address>0x0</run_address>
         <size>0x22f59</size>
         <contents>
            <object_component_ref idref="oc-17"/>
            <object_component_ref idref="oc-1d"/>
            <object_component_ref idref="oc-24"/>
            <object_component_ref idref="oc-2a"/>
            <object_component_ref idref="oc-2f"/>
            <object_component_ref idref="oc-35"/>
            <object_component_ref idref="oc-3a"/>
            <object_component_ref idref="oc-3f"/>
            <object_component_ref idref="oc-45"/>
            <object_component_ref idref="oc-4b"/>
            <object_component_ref idref="oc-51"/>
            <object_component_ref idref="oc-55"/>
            <object_component_ref idref="oc-59"/>
            <object_component_ref idref="oc-5d"/>
            <object_component_ref idref="oc-62"/>
            <object_component_ref idref="oc-68"/>
            <object_component_ref idref="oc-6c"/>
            <object_component_ref idref="oc-70"/>
            <object_component_ref idref="oc-74"/>
            <object_component_ref idref="oc-78"/>
            <object_component_ref idref="oc-7c"/>
            <object_component_ref idref="oc-81"/>
            <object_component_ref idref="oc-86"/>
            <object_component_ref idref="oc-8a"/>
            <object_component_ref idref="oc-8e"/>
            <object_component_ref idref="oc-92"/>
            <object_component_ref idref="oc-96"/>
            <object_component_ref idref="oc-9c"/>
            <object_component_ref idref="oc-a2"/>
            <object_component_ref idref="oc-a6"/>
            <object_component_ref idref="oc-ab"/>
            <object_component_ref idref="oc-b0"/>
            <object_component_ref idref="oc-b5"/>
            <object_component_ref idref="oc-b9"/>
            <object_component_ref idref="oc-bd"/>
            <object_component_ref idref="oc-c1"/>
            <object_component_ref idref="oc-c5"/>
            <object_component_ref idref="oc-ca"/>
            <object_component_ref idref="oc-ed"/>
         </contents>
      </logical_group>
      <logical_group id="lg-e3">
         <name>.debug_frame</name>
         <load_address>0x0</load_address>
         <run_address>0x0</run_address>
         <size>0xe05</size>
         <contents>
            <object_component_ref idref="oc-18"/>
            <object_component_ref idref="oc-20"/>
            <object_component_ref idref="oc-25"/>
            <object_component_ref idref="oc-2b"/>
            <object_component_ref idref="oc-30"/>
            <object_component_ref idref="oc-36"/>
            <object_component_ref idref="oc-3b"/>
            <object_component_ref idref="oc-40"/>
            <object_component_ref idref="oc-46"/>
            <object_component_ref idref="oc-4d"/>
         </contents>
      </logical_group>
      <logical_group id="lg-e5">
         <name>.debug_line</name>
         <load_address>0x0</load_address>
         <run_address>0x0</run_address>
         <size>0x1ea0</size>
         <contents>
            <object_component_ref idref="oc-19"/>
            <object_component_ref idref="oc-21"/>
            <object_component_ref idref="oc-26"/>
            <object_component_ref idref="oc-2c"/>
            <object_component_ref idref="oc-31"/>
            <object_component_ref idref="oc-37"/>
            <object_component_ref idref="oc-3c"/>
            <object_component_ref idref="oc-41"/>
            <object_component_ref idref="oc-47"/>
            <object_component_ref idref="oc-4e"/>
            <object_component_ref idref="oc-52"/>
            <object_component_ref idref="oc-56"/>
            <object_component_ref idref="oc-5a"/>
            <object_component_ref idref="oc-5e"/>
            <object_component_ref idref="oc-65"/>
            <object_component_ref idref="oc-69"/>
            <object_component_ref idref="oc-6d"/>
            <object_component_ref idref="oc-71"/>
            <object_component_ref idref="oc-75"/>
            <object_component_ref idref="oc-79"/>
            <object_component_ref idref="oc-7e"/>
            <object_component_ref idref="oc-83"/>
            <object_component_ref idref="oc-87"/>
            <object_component_ref idref="oc-8b"/>
            <object_component_ref idref="oc-8f"/>
            <object_component_ref idref="oc-93"/>
            <object_component_ref idref="oc-98"/>
            <object_component_ref idref="oc-9f"/>
            <object_component_ref idref="oc-a3"/>
            <object_component_ref idref="oc-a8"/>
            <object_component_ref idref="oc-ac"/>
            <object_component_ref idref="oc-b2"/>
            <object_component_ref idref="oc-b6"/>
            <object_component_ref idref="oc-ba"/>
            <object_component_ref idref="oc-be"/>
            <object_component_ref idref="oc-c2"/>
            <object_component_ref idref="oc-c7"/>
            <object_component_ref idref="oc-cb"/>
         </contents>
      </logical_group>
      <logical_group id="lg-e7">
         <name>.debug_abbrev</name>
         <load_address>0x0</load_address>
         <run_address>0x0</run_address>
         <size>0x2036</size>
         <contents>
            <object_component_ref idref="oc-1a"/>
            <object_component_ref idref="oc-22"/>
            <object_component_ref idref="oc-27"/>
            <object_component_ref idref="oc-2d"/>
            <object_component_ref idref="oc-32"/>
            <object_component_ref idref="oc-38"/>
            <object_component_ref idref="oc-3d"/>
            <object_component_ref idref="oc-42"/>
            <object_component_ref idref="oc-48"/>
            <object_component_ref idref="oc-4f"/>
            <object_component_ref idref="oc-53"/>
            <object_component_ref idref="oc-57"/>
            <object_component_ref idref="oc-5b"/>
            <object_component_ref idref="oc-5f"/>
            <object_component_ref idref="oc-66"/>
            <object_component_ref idref="oc-6a"/>
            <object_component_ref idref="oc-6e"/>
            <object_component_ref idref="oc-72"/>
            <object_component_ref idref="oc-76"/>
            <object_component_ref idref="oc-7a"/>
            <object_component_ref idref="oc-7f"/>
            <object_component_ref idref="oc-84"/>
            <object_component_ref idref="oc-88"/>
            <object_component_ref idref="oc-8c"/>
            <object_component_ref idref="oc-90"/>
            <object_component_ref idref="oc-94"/>
            <object_component_ref idref="oc-99"/>
            <object_component_ref idref="oc-a0"/>
            <object_component_ref idref="oc-a4"/>
            <object_component_ref idref="oc-a9"/>
            <object_component_ref idref="oc-ad"/>
            <object_component_ref idref="oc-b3"/>
            <object_component_ref idref="oc-b7"/>
            <object_component_ref idref="oc-bb"/>
            <object_component_ref idref="oc-bf"/>
            <object_component_ref idref="oc-c3"/>
            <object_component_ref idref="oc-c8"/>
            <object_component_ref idref="oc-cc"/>
            <object_component_ref idref="oc-ee"/>
         </contents>
      </logical_group>
   </logical_group_list>
   <placement_map>
      <memory_area>
         <name>MMR</name>
         <page_id>0x0</page_id>
         <origin>0x0</origin>
         <length>0xc0</length>
         <used_space>0x0</used_space>
         <unused_space>0xc0</unused_space>
         <attributes>RW</attributes>
         <usage_details>
         </usage_details>
      </memory_area>
      <memory_area>
         <name>DARAM</name>
         <page_id>0x0</page_id>
         <origin>0xc0</origin>
         <length>0xff40</length>
         <used_space>0x3440</used_space>
         <unused_space>0xcb00</unused_space>
         <attributes>RW</attributes>
         <usage_details>
            <allocated_space>
               <start_address>0xc0</start_address>
               <size>0x0</size>
               <logical_group_ref idref="lg-9"/>
            </allocated_space>
            <allocated_space>
               <start_address>0xc0</start_address>
               <size>0x2000</size>
               <logical_group_ref idref="lg-5"/>
            </allocated_space>
            <allocated_space>
               <start_address>0x20c0</start_address>
               <size>0x1000</size>
               <logical_group_ref idref="lg-6"/>
            </allocated_space>
            <allocated_space>
               <start_address>0x30c0</start_address>
               <size>0x184</size>
               <logical_group_ref idref="lg-3"/>
            </allocated_space>
            <allocated_space>
               <start_address>0x3244</start_address>
               <size>0x13c</size>
               <logical_group_ref idref="lg-a"/>
            </allocated_space>
            <allocated_space>
               <start_address>0x3380</start_address>
               <size>0x80</size>
               <logical_group_ref idref="lg-b"/>
            </allocated_space>
            <allocated_space>
               <start_address>0x3400</start_address>
               <size>0x100</size>
               <logical_group_ref idref="lg-2"/>
            </allocated_space>
            <available_space>
               <start_address>0x3500</start_address>
               <size>0xcb00</size>
            </available_space>
         </usage_details>
      </memory_area>
      <memory_area>
         <name>SARAM</name>
         <page_id>0x0</page_id>
         <origin>0x30000</origin>
         <length>0x1e000</length>
         <used_space>0x3582</used_space>
         <unused_space>0x1aa7e</unused_space>
         <attributes>RW</attributes>
         <usage_details>
            <allocated_space>
               <start_address>0x30000</start_address>
               <size>0x3582</size>
               <logical_group_ref idref="lg-8"/>
            </allocated_space>
            <available_space>
               <start_address>0x33582</start_address>
               <size>0x1aa7e</size>
            </available_space>
         </usage_details>
      </memory_area>
      <memory_area>
         <name>EMIF_CS0</name>
         <page_id>0x0</page_id>
         <origin>0x50000</origin>
         <length>0x7b0000</length>
         <used_space>0x0</used_space>
         <unused_space>0x7b0000</unused_space>
         <attributes>RW</attributes>
         <usage_details>
         </usage_details>
      </memory_area>
      <memory_area>
         <name>EMIF_CS2</name>
         <page_id>0x0</page_id>
         <origin>0x800000</origin>
         <length>0x400000</length>
         <used_space>0x0</used_space>
         <unused_space>0x400000</unused_space>
         <attributes>RW</attributes>
         <usage_details>
         </usage_details>
      </memory_area>
      <memory_area>
         <name>EMIF_CS3</name>
         <page_id>0x0</page_id>
         <origin>0xc00000</origin>
         <length>0x200000</length>
         <used_space>0x0</used_space>
         <unused_space>0x200000</unused_space>
         <attributes>RW</attributes>
         <usage_details>
         </usage_details>
      </memory_area>
      <memory_area>
         <name>EMIF_CS4</name>
         <page_id>0x0</page_id>
         <origin>0xe00000</origin>
         <length>0x100000</length>
         <used_space>0x0</used_space>
         <unused_space>0x100000</unused_space>
         <attributes>RW</attributes>
         <usage_details>
         </usage_details>
      </memory_area>
      <memory_area>
         <name>EMIF_CS5</name>
         <page_id>0x0</page_id>
         <origin>0xf00000</origin>
         <length>0xe0000</length>
         <used_space>0x0</used_space>
         <unused_space>0xe0000</unused_space>
         <attributes>RW</attributes>
         <usage_details>
         </usage_details>
      </memory_area>
      <memory_area>
         <name>SAROM_0</name>
         <page_id>0x0</page_id>
         <origin>0xfe0000</origin>
         <length>0x8000</length>
         <used_space>0x0</used_space>
         <unused_space>0x8000</unused_space>
         <attributes>RX</attributes>
         <usage_details>
         </usage_details>
      </memory_area>
      <memory_area>
         <name>SAROM_1</name>
         <page_id>0x0</page_id>
         <origin>0xfe8000</origin>
         <length>0x8000</length>
         <used_space>0x0</used_space>
         <unused_space>0x8000</unused_space>
         <attributes>RX</attributes>
         <usage_details>
         </usage_details>
      </memory_area>
      <memory_area>
         <name>SAROM_2</name>
         <page_id>0x0</page_id>
         <origin>0xff0000</origin>
         <length>0x8000</length>
         <used_space>0x0</used_space>
         <unused_space>0x8000</unused_space>
         <attributes>RX</attributes>
         <usage_details>
         </usage_details>
      </memory_area>
      <memory_area>
         <name>SAROM_3</name>
         <page_id>0x0</page_id>
         <origin>0xff8000</origin>
         <length>0x8000</length>
         <used_space>0x0</used_space>
         <unused_space>0x8000</unused_space>
         <attributes>RX</attributes>
         <usage_details>
         </usage_details>
      </memory_area>
   </placement_map>
   <symbol_table>
      <symbol id="sm-0">
         <name>$TI_capability$C5500$CallingConvention</name>
         <value>0x2</value>
      </symbol>
      <symbol id="sm-1">
         <name>$TI_capability$C5500$MemoryModel</name>
         <value>0x2</value>
      </symbol>
      <symbol id="sm-2">
         <name>$TI_capability_requires_rev3</name>
         <value>0x1</value>
      </symbol>
      <symbol id="sm-3">
         <name>cinit</name>
         <value>0x3244</value>
      </symbol>
      <symbol id="sm-4">
         <name>___cinit__</name>
         <value>0x3244</value>
      </symbol>
      <symbol id="sm-5">
         <name>pinit</name>
         <value>0xffffffff</value>
      </symbol>
      <symbol id="sm-6">
         <name>___pinit__</name>
         <value>0xffffffff</value>
      </symbol>
      <symbol id="sm-7">
         <name>binit</name>
         <value>0xffffffff</value>
      </symbol>
      <symbol id="sm-8">
         <name>___binit__</name>
         <value>0xffffffff</value>
      </symbol>
      <symbol id="sm-9">
         <name>__STACK_SIZE</name>
         <value>0x2000</value>
      </symbol>
      <symbol id="sm-a">
         <name>__STACK_END</name>
         <value>0x20c0</value>
      </symbol>
      <symbol id="sm-b">
         <name>___c_args__</name>
         <value>0xffffffff</value>
      </symbol>
      <symbol id="sm-c">
         <name>__SYSSTACK_SIZE</name>
         <value>0x1000</value>
      </symbol>
      <symbol id="sm-d">
         <name>.text</name>
         <value>0x30000</value>
      </symbol>
      <symbol id="sm-e">
         <name>___text__</name>
         <value>0x30000</value>
      </symbol>
      <symbol id="sm-f">
         <name>etext</name>
         <value>0x33582</value>
      </symbol>
      <symbol id="sm-10">
         <name>___etext__</name>
         <value>0x33582</value>
      </symbol>
      <symbol id="sm-11">
         <name>.data</name>
         <value>0xc0</value>
      </symbol>
      <symbol id="sm-12">
         <name>___data__</name>
         <value>0xc0</value>
      </symbol>
      <symbol id="sm-13">
         <name>edata</name>
         <value>0xc0</value>
      </symbol>
      <symbol id="sm-14">
         <name>___edata__</name>
         <value>0xc0</value>
      </symbol>
      <symbol id="sm-15">
         <name>.bss</name>
         <value>0x30c0</value>
      </symbol>
      <symbol id="sm-16">
         <name>___bss__</name>
         <value>0x30c0</value>
      </symbol>
      <symbol id="sm-17">
         <name>end</name>
         <value>0x3244</value>
      </symbol>
      <symbol id="sm-18">
         <name>___end__</name>
         <value>0x3244</value>
      </symbol>
      <symbol id="sm-4e">
         <name>_write_right</name>
         <value>0x32f4e</value>
         <object_component_ref idref="oc-16"/>
      </symbol>
      <symbol id="sm-4f">
         <name>_write_left</name>
         <value>0x32f5a</value>
         <object_component_ref idref="oc-16"/>
      </symbol>
      <symbol id="sm-50">
         <name>_read_left</name>
         <value>0x32f3f</value>
         <object_component_ref idref="oc-16"/>
      </symbol>
      <symbol id="sm-51">
         <name>_read_right</name>
         <value>0x32f30</value>
         <object_component_ref idref="oc-16"/>
      </symbol>
      <symbol id="sm-52">
         <name>_Init_USBSTK5505</name>
         <value>0x32ee6</value>
         <object_component_ref idref="oc-16"/>
      </symbol>
      <symbol id="sm-7c">
         <name>_main</name>
         <value>0x328c0</value>
         <object_component_ref idref="oc-1b"/>
      </symbol>
      <symbol id="sm-7d">
         <name>_get_inc</name>
         <value>0x32a71</value>
         <object_component_ref idref="oc-1b"/>
      </symbol>
      <symbol id="sm-7e">
         <name>_notes</name>
         <value>0x3130</value>
         <object_component_ref idref="oc-1c"/>
      </symbol>
      <symbol id="sm-7f">
         <name>_time_dur</name>
         <value>0x30c0</value>
         <object_component_ref idref="oc-1c"/>
      </symbol>
      <symbol id="sm-90">
         <name>_AIC3204_rset</name>
         <value>0x322ca</value>
         <object_component_ref idref="oc-23"/>
      </symbol>
      <symbol id="sm-91">
         <name>_Init_AIC3204</name>
         <value>0x322f4</value>
         <object_component_ref idref="oc-23"/>
      </symbol>
      <symbol id="sm-a5">
         <name>_USBSTK5505_I2S_writeRight</name>
         <value>0x32cca</value>
         <object_component_ref idref="oc-28"/>
      </symbol>
      <symbol id="sm-a6">
         <name>_USBSTK5505_I2S_readLeft</name>
         <value>0x32c4a</value>
         <object_component_ref idref="oc-28"/>
      </symbol>
      <symbol id="sm-a7">
         <name>_USBSTK5505_I2S_readRight</name>
         <value>0x32ca9</value>
         <object_component_ref idref="oc-28"/>
      </symbol>
      <symbol id="sm-a8">
         <name>_USBSTK5505_I2S_close</name>
         <value>0x32ce6</value>
         <object_component_ref idref="oc-28"/>
      </symbol>
      <symbol id="sm-a9">
         <name>_USBSTK5505_I2S_writeLeft</name>
         <value>0x32c7c</value>
         <object_component_ref idref="oc-28"/>
      </symbol>
      <symbol id="sm-aa">
         <name>_USBSTK5505_I2S_init</name>
         <value>0x32bf1</value>
         <object_component_ref idref="oc-28"/>
      </symbol>
      <symbol id="sm-ab">
         <name>_hI2s</name>
         <value>0x3240</value>
         <object_component_ref idref="oc-29"/>
      </symbol>
      <symbol id="sm-b5">
         <name>_USBSTK5505_I2C_reset</name>
         <value>0x32e8d</value>
         <object_component_ref idref="oc-2e"/>
      </symbol>
      <symbol id="sm-b6">
         <name>_USBSTK5505_I2C_read</name>
         <value>0x32ebe</value>
         <object_component_ref idref="oc-2e"/>
      </symbol>
      <symbol id="sm-b7">
         <name>_USBSTK5505_I2C_write</name>
         <value>0x32e98</value>
         <object_component_ref idref="oc-2e"/>
      </symbol>
      <symbol id="sm-b8">
         <name>_USBSTK5505_I2C_init</name>
         <value>0x32e58</value>
         <object_component_ref idref="oc-2e"/>
      </symbol>
      <symbol id="sm-c4">
         <name>_USBSTK5505_GPIO_setOutput</name>
         <value>0x32fa5</value>
         <object_component_ref idref="oc-33"/>
      </symbol>
      <symbol id="sm-c5">
         <name>_USBSTK5505_GPIO_init</name>
         <value>0x32f66</value>
         <object_component_ref idref="oc-33"/>
      </symbol>
      <symbol id="sm-c6">
         <name>_USBSTK5505_GPIO_setDirection</name>
         <value>0x32f81</value>
         <object_component_ref idref="oc-33"/>
      </symbol>
      <symbol id="sm-c7">
         <name>_USBSTK5505_GPIO_getInput</name>
         <value>0x32fbf</value>
         <object_component_ref idref="oc-33"/>
      </symbol>
      <symbol id="sm-c8">
         <name>_GpioObj</name>
         <value>0x3228</value>
         <object_component_ref idref="oc-34"/>
      </symbol>
      <symbol id="sm-c9">
         <name>_hGpio</name>
         <value>0x322c</value>
         <object_component_ref idref="oc-34"/>
      </symbol>
      <symbol id="sm-d7">
         <name>_USBSTK5505_waitusec</name>
         <value>0x33373</value>
         <object_component_ref idref="oc-39"/>
      </symbol>
      <symbol id="sm-d8">
         <name>_USBSTK5505_wait</name>
         <value>0x3333f</value>
         <object_component_ref idref="oc-39"/>
      </symbol>
      <symbol id="sm-d9">
         <name>_USBSTK5505_init</name>
         <value>0x33385</value>
         <object_component_ref idref="oc-39"/>
      </symbol>
      <symbol id="sm-11e">
         <name>_GPIO_write</name>
         <value>0x3180f</value>
         <object_component_ref idref="oc-3e"/>
      </symbol>
      <symbol id="sm-11f">
         <name>_GPIO_read</name>
         <value>0x3178c</value>
         <object_component_ref idref="oc-3e"/>
      </symbol>
      <symbol id="sm-120">
         <name>_GPIO_close</name>
         <value>0x3165b</value>
         <object_component_ref idref="oc-3e"/>
      </symbol>
      <symbol id="sm-121">
         <name>_GPIO_enableInt</name>
         <value>0x31a78</value>
         <object_component_ref idref="oc-3e"/>
      </symbol>
      <symbol id="sm-122">
         <name>_GPIO_clearInt</name>
         <value>0x31b02</value>
         <object_component_ref idref="oc-3e"/>
      </symbol>
      <symbol id="sm-123">
         <name>_GPIO_statusBit</name>
         <value>0x31b8e</value>
         <object_component_ref idref="oc-3e"/>
      </symbol>
      <symbol id="sm-124">
         <name>_GPIO_configBit</name>
         <value>0x318b2</value>
         <object_component_ref idref="oc-3e"/>
      </symbol>
      <symbol id="sm-125">
         <name>_GPIO_reset</name>
         <value>0x31c15</value>
         <object_component_ref idref="oc-3e"/>
      </symbol>
      <symbol id="sm-126">
         <name>_GPIO_getConfig</name>
         <value>0x31704</value>
         <object_component_ref idref="oc-3e"/>
      </symbol>
      <symbol id="sm-127">
         <name>_GPIO_disableInt</name>
         <value>0x319fa</value>
         <object_component_ref idref="oc-3e"/>
      </symbol>
      <symbol id="sm-128">
         <name>_GPIO_config</name>
         <value>0x3167f</value>
         <object_component_ref idref="oc-3e"/>
      </symbol>
      <symbol id="sm-129">
         <name>_GPIO_open</name>
         <value>0x31617</value>
         <object_component_ref idref="oc-3e"/>
      </symbol>
      <symbol id="sm-1a6">
         <name>_I2C_eventEnable</name>
         <value>0x30940</value>
         <object_component_ref idref="oc-43"/>
      </symbol>
      <symbol id="sm-1a7">
         <name>_I2C_setCallback</name>
         <value>0x30b93</value>
         <object_component_ref idref="oc-43"/>
      </symbol>
      <symbol id="sm-1a8">
         <name>_I2C_init</name>
         <value>0x30000</value>
         <object_component_ref idref="oc-43"/>
      </symbol>
      <symbol id="sm-1a9">
         <name>_I2C_config</name>
         <value>0x300a9</value>
         <object_component_ref idref="oc-43"/>
      </symbol>
      <symbol id="sm-1aa">
         <name>_gI2cObj</name>
         <value>0x31f4</value>
         <object_component_ref idref="oc-44"/>
      </symbol>
      <symbol id="sm-1ab">
         <name>_I2C_getConfig</name>
         <value>0x3020e</value>
         <object_component_ref idref="oc-43"/>
      </symbol>
      <symbol id="sm-1ac">
         <name>_I2C_setup</name>
         <value>0x302e4</value>
         <object_component_ref idref="oc-43"/>
      </symbol>
      <symbol id="sm-1ad">
         <name>_I2C_write</name>
         <value>0x304de</value>
         <object_component_ref idref="oc-43"/>
      </symbol>
      <symbol id="sm-1ae">
         <name>_I2C_read</name>
         <value>0x30722</value>
         <object_component_ref idref="oc-43"/>
      </symbol>
      <symbol id="sm-1af">
         <name>_I2C_eventDisable</name>
         <value>0x30a74</value>
         <object_component_ref idref="oc-43"/>
      </symbol>
      <symbol id="sm-1b0">
         <name>_I2C_getEventId</name>
         <value>0x30c20</value>
         <object_component_ref idref="oc-43"/>
      </symbol>
      <symbol id="sm-1b1">
         <name>_i2cHandle</name>
         <value>0x3214</value>
         <object_component_ref idref="oc-44"/>
      </symbol>
      <symbol id="sm-256">
         <name>_I2S_write</name>
         <value>0x313cb</value>
         <object_component_ref idref="oc-49"/>
      </symbol>
      <symbol id="sm-257">
         <name>_I2S_read</name>
         <value>0x31111</value>
         <object_component_ref idref="oc-49"/>
      </symbol>
      <symbol id="sm-258">
         <name>_I2S_close</name>
         <value>0x31066</value>
         <object_component_ref idref="oc-49"/>
      </symbol>
      <symbol id="sm-259">
         <name>_ouError</name>
         <value>0x31f2</value>
         <object_component_ref idref="oc-4a"/>
      </symbol>
      <symbol id="sm-25a">
         <name>_I2S_reset</name>
         <value>0x31521</value>
         <object_component_ref idref="oc-49"/>
      </symbol>
      <symbol id="sm-25b">
         <name>_I2S_setup</name>
         <value>0x30d7f</value>
         <object_component_ref idref="oc-49"/>
      </symbol>
      <symbol id="sm-25c">
         <name>_fsError</name>
         <value>0x31f0</value>
         <object_component_ref idref="oc-4a"/>
      </symbol>
      <symbol id="sm-25d">
         <name>_I2S_open</name>
         <value>0x30c3c</value>
         <object_component_ref idref="oc-49"/>
      </symbol>
      <symbol id="sm-25e">
         <name>_I2S_transEnable</name>
         <value>0x315cc</value>
         <object_component_ref idref="oc-49"/>
      </symbol>
      <symbol id="sm-268">
         <name>__addd</name>
         <value>0x32070</value>
         <object_component_ref idref="oc-50"/>
      </symbol>
      <symbol id="sm-274">
         <name>__sysstack</name>
         <value>0x20c0</value>
         <object_component_ref idref="oc-cd"/>
      </symbol>
      <symbol id="sm-275">
         <name>_c_int00</name>
         <value>0x334aa</value>
         <object_component_ref idref="oc-14"/>
      </symbol>
      <symbol id="sm-276">
         <name>__stack</name>
         <value>0xc0</value>
         <object_component_ref idref="oc-54"/>
      </symbol>
      <symbol id="sm-282">
         <name>__divd</name>
         <value>0x31ca4</value>
         <object_component_ref idref="oc-58"/>
      </symbol>
      <symbol id="sm-28d">
         <name>__divul</name>
         <value>0x32db7</value>
         <object_component_ref idref="oc-5c"/>
      </symbol>
      <symbol id="sm-29d">
         <name>C$$EXIT</name>
         <value>0x33579</value>
         <object_component_ref idref="oc-64"/>
      </symbol>
      <symbol id="sm-29e">
         <name>_exit</name>
         <value>0x3346c</value>
         <object_component_ref idref="oc-60"/>
      </symbol>
      <symbol id="sm-29f">
         <name>_abort</name>
         <value>0x33578</value>
         <object_component_ref idref="oc-64"/>
      </symbol>
      <symbol id="sm-2a0">
         <name>__cleanup_ptr</name>
         <value>0x3238</value>
         <object_component_ref idref="oc-61"/>
      </symbol>
      <symbol id="sm-2a1">
         <name>__dtors_ptr</name>
         <value>0x323c</value>
         <object_component_ref idref="oc-61"/>
      </symbol>
      <symbol id="sm-2ab">
         <name>__fixdi</name>
         <value>0x334de</value>
         <object_component_ref idref="oc-67"/>
      </symbol>
      <symbol id="sm-2b5">
         <name>__fixdli</name>
         <value>0x331af</value>
         <object_component_ref idref="oc-6b"/>
      </symbol>
      <symbol id="sm-2bf">
         <name>__fixdu</name>
         <value>0x33508</value>
         <object_component_ref idref="oc-6f"/>
      </symbol>
      <symbol id="sm-2c9">
         <name>__fixdul</name>
         <value>0x32fdd</value>
         <object_component_ref idref="oc-73"/>
      </symbol>
      <symbol id="sm-2d3">
         <name>__fltid</name>
         <value>0x3356c</value>
         <object_component_ref idref="oc-77"/>
      </symbol>
      <symbol id="sm-2df">
         <name>__fltlid</name>
         <value>0x3321e</value>
         <object_component_ref idref="oc-7b"/>
      </symbol>
      <symbol id="sm-2eb">
         <name>__fltuld</name>
         <value>0x332e4</value>
         <object_component_ref idref="oc-80"/>
      </symbol>
      <symbol id="sm-2f5">
         <name>__frcmpyd_div</name>
         <value>0x330ca</value>
         <object_component_ref idref="oc-85"/>
      </symbol>
      <symbol id="sm-2fd">
         <name>__mpyli</name>
         <value>0x33537</value>
         <object_component_ref idref="oc-89"/>
      </symbol>
      <symbol id="sm-2fe">
         <name>I$$LMPY</name>
         <value>0x33537</value>
         <object_component_ref idref="oc-89"/>
      </symbol>
      <symbol id="sm-308">
         <name>__mpyd</name>
         <value>0x32aa5</value>
         <object_component_ref idref="oc-8d"/>
      </symbol>
      <symbol id="sm-313">
         <name>__remul</name>
         <value>0x3313d</value>
         <object_component_ref idref="oc-91"/>
      </symbol>
      <symbol id="sm-31f">
         <name>__nround</name>
         <value>0x33285</value>
         <object_component_ref idref="oc-95"/>
      </symbol>
      <symbol id="sm-330">
         <name>_sin</name>
         <value>0x324e4</value>
         <object_component_ref idref="oc-9a"/>
      </symbol>
      <symbol id="sm-33a">
         <name>__subd</name>
         <value>0x33523</value>
         <object_component_ref idref="oc-a1"/>
      </symbol>
      <symbol id="sm-346">
         <name>__trunc</name>
         <value>0x3342b</value>
         <object_component_ref idref="oc-a5"/>
      </symbol>
      <symbol id="sm-350">
         <name>_Reset</name>
         <value>0x3400</value>
         <object_component_ref idref="oc-15"/>
      </symbol>
      <symbol id="sm-35e">
         <name>__unlock</name>
         <value>0x3234</value>
         <object_component_ref idref="oc-af"/>
      </symbol>
      <symbol id="sm-35f">
         <name>__lock</name>
         <value>0x3230</value>
         <object_component_ref idref="oc-af"/>
      </symbol>
      <symbol id="sm-360">
         <name>__register_lock</name>
         <value>0x33552</value>
         <object_component_ref idref="oc-ae"/>
      </symbol>
      <symbol id="sm-361">
         <name>__nop</name>
         <value>0x3355a</value>
         <object_component_ref idref="oc-ae"/>
      </symbol>
      <symbol id="sm-362">
         <name>__register_unlock</name>
         <value>0x3354a</value>
         <object_component_ref idref="oc-ae"/>
      </symbol>
      <symbol id="sm-36c">
         <name>__args_main</name>
         <value>0x333e0</value>
         <object_component_ref idref="oc-b4"/>
      </symbol>
      <symbol id="sm-36d">
         <name>__TI_args_main</name>
         <value>0x1</value>
      </symbol>
      <symbol id="sm-375">
         <name>_auto_init</name>
         <value>0x33393</value>
         <object_component_ref idref="oc-b8"/>
      </symbol>
      <symbol id="sm-37f">
         <name>__eqld</name>
         <value>0x32834</value>
         <object_component_ref idref="oc-bc"/>
      </symbol>
      <symbol id="sm-380">
         <name>__cmpd</name>
         <value>0x32868</value>
         <object_component_ref idref="oc-bc"/>
      </symbol>
      <symbol id="sm-381">
         <name>__neqd</name>
         <value>0x326d6</value>
         <object_component_ref idref="oc-bc"/>
      </symbol>
      <symbol id="sm-382">
         <name>__gtrd</name>
         <value>0x3279f</value>
         <object_component_ref idref="oc-bc"/>
      </symbol>
      <symbol id="sm-383">
         <name>__geqd</name>
         <value>0x327ea</value>
         <object_component_ref idref="oc-bc"/>
      </symbol>
      <symbol id="sm-384">
         <name>__leqd</name>
         <value>0x32752</value>
         <object_component_ref idref="oc-bc"/>
      </symbol>
      <symbol id="sm-385">
         <name>__lssd</name>
         <value>0x3270a</value>
         <object_component_ref idref="oc-bc"/>
      </symbol>
      <symbol id="sm-38f">
         <name>__frcmpyd</name>
         <value>0x33054</value>
         <object_component_ref idref="oc-c0"/>
      </symbol>
      <symbol id="sm-39b">
         <name>_modf</name>
         <value>0x32cf8</value>
         <object_component_ref idref="oc-c4"/>
      </symbol>
      <symbol id="sm-3a5">
         <name>__negd</name>
         <value>0x3355c</value>
         <object_component_ref idref="oc-c9"/>
      </symbol>
   </symbol_table>
</link_info>
