<?xml version="1.0"?>
<link_info>
   <banner>TMS320C55x Linker PC v4.4.1</banner>
   <copyright>Copyright (c) 1996-2012 Texas Instruments Incorporated</copyright>
   <link_time>0x57479864</link_time>
   <output_file>ELEN133_Lab9_SineTable_Sol2.out</output_file>
   <entry_point>
      <name>_c_int00</name>
      <address>0x33312</address>
   </entry_point>
   <input_file_list>
      <input_file id="fl-2">
         <path>.\</path>
         <kind>object</kind>
         <file>periph.obj</file>
         <name>periph.obj</name>
      </input_file>
      <input_file id="fl-3">
         <path>.\</path>
         <kind>object</kind>
         <file>main.obj</file>
         <name>main.obj</name>
      </input_file>
      <input_file id="fl-4">
         <path>.\</path>
         <kind>object</kind>
         <file>initAIC3204.obj</file>
         <name>initAIC3204.obj</name>
      </input_file>
      <input_file id="fl-9">
         <path>..\lib\</path>
         <kind>archive</kind>
         <file>USBSTK_bsl.lib</file>
         <name>usbstk5505_i2s.obj</name>
      </input_file>
      <input_file id="fl-a">
         <path>..\lib\</path>
         <kind>archive</kind>
         <file>USBSTK_bsl.lib</file>
         <name>usbstk5505_i2c.obj</name>
      </input_file>
      <input_file id="fl-b">
         <path>..\lib\</path>
         <kind>archive</kind>
         <file>USBSTK_bsl.lib</file>
         <name>usbstk5505_gpio.obj</name>
      </input_file>
      <input_file id="fl-c">
         <path>..\lib\</path>
         <kind>archive</kind>
         <file>USBSTK_bsl.lib</file>
         <name>usbstk5505.obj</name>
      </input_file>
      <input_file id="fl-d">
         <path>..\lib\</path>
         <kind>archive</kind>
         <file>C55xx_csl.lib</file>
         <name>csl_gpio.obj</name>
      </input_file>
      <input_file id="fl-e">
         <path>..\lib\</path>
         <kind>archive</kind>
         <file>C55xx_csl.lib</file>
         <name>csl_i2c.obj</name>
      </input_file>
      <input_file id="fl-f">
         <path>..\lib\</path>
         <kind>archive</kind>
         <file>C55xx_csl.lib</file>
         <name>csl_i2s.obj</name>
      </input_file>
      <input_file id="fl-24">
         <path>C:\Apps\ti\ccsv5\tools\compiler\c5500_4.4.1\lib\</path>
         <kind>archive</kind>
         <file>rts55x.lib</file>
         <name>boot.obj</name>
      </input_file>
      <input_file id="fl-25">
         <path>C:\Apps\ti\ccsv5\tools\compiler\c5500_4.4.1\lib\</path>
         <kind>archive</kind>
         <file>rts55x.lib</file>
         <name>divd.obj</name>
      </input_file>
      <input_file id="fl-26">
         <path>C:\Apps\ti\ccsv5\tools\compiler\c5500_4.4.1\lib\</path>
         <kind>archive</kind>
         <file>rts55x.lib</file>
         <name>divul.obj</name>
      </input_file>
      <input_file id="fl-27">
         <path>C:\Apps\ti\ccsv5\tools\compiler\c5500_4.4.1\lib\</path>
         <kind>archive</kind>
         <file>rts55x.lib</file>
         <name>exit.obj</name>
      </input_file>
      <input_file id="fl-28">
         <path>C:\Apps\ti\ccsv5\tools\compiler\c5500_4.4.1\lib\</path>
         <kind>archive</kind>
         <file>rts55x.lib</file>
         <name>fixdi.obj</name>
      </input_file>
      <input_file id="fl-29">
         <path>C:\Apps\ti\ccsv5\tools\compiler\c5500_4.4.1\lib\</path>
         <kind>archive</kind>
         <file>rts55x.lib</file>
         <name>fixdli.obj</name>
      </input_file>
      <input_file id="fl-2a">
         <path>C:\Apps\ti\ccsv5\tools\compiler\c5500_4.4.1\lib\</path>
         <kind>archive</kind>
         <file>rts55x.lib</file>
         <name>fltud.obj</name>
      </input_file>
      <input_file id="fl-2b">
         <path>C:\Apps\ti\ccsv5\tools\compiler\c5500_4.4.1\lib\</path>
         <kind>archive</kind>
         <file>rts55x.lib</file>
         <name>fltuld.obj</name>
      </input_file>
      <input_file id="fl-2c">
         <path>C:\Apps\ti\ccsv5\tools\compiler\c5500_4.4.1\lib\</path>
         <kind>archive</kind>
         <file>rts55x.lib</file>
         <name>frcmpyd_div.obj</name>
      </input_file>
      <input_file id="fl-2d">
         <path>C:\Apps\ti\ccsv5\tools\compiler\c5500_4.4.1\lib\</path>
         <kind>archive</kind>
         <file>rts55x.lib</file>
         <name>lmpy.obj</name>
      </input_file>
      <input_file id="fl-2e">
         <path>C:\Apps\ti\ccsv5\tools\compiler\c5500_4.4.1\lib\</path>
         <kind>archive</kind>
         <file>rts55x.lib</file>
         <name>mpyd.obj</name>
      </input_file>
      <input_file id="fl-2f">
         <path>C:\Apps\ti\ccsv5\tools\compiler\c5500_4.4.1\lib\</path>
         <kind>archive</kind>
         <file>rts55x.lib</file>
         <name>remul.obj</name>
      </input_file>
      <input_file id="fl-30">
         <path>C:\Apps\ti\ccsv5\tools\compiler\c5500_4.4.1\lib\</path>
         <kind>archive</kind>
         <file>rts55x.lib</file>
         <name>sin.obj</name>
      </input_file>
      <input_file id="fl-31">
         <path>C:\Apps\ti\ccsv5\tools\compiler\c5500_4.4.1\lib\</path>
         <kind>archive</kind>
         <file>rts55x.lib</file>
         <name>subd.obj</name>
      </input_file>
      <input_file id="fl-32">
         <path>C:\Apps\ti\ccsv5\tools\compiler\c5500_4.4.1\lib\</path>
         <kind>archive</kind>
         <file>rts55x.lib</file>
         <name>trunc.obj</name>
      </input_file>
      <input_file id="fl-33">
         <path>C:\Apps\ti\ccsv5\tools\compiler\c5500_4.4.1\lib\</path>
         <kind>archive</kind>
         <file>rts55x.lib</file>
         <name>vectors.obj</name>
      </input_file>
      <input_file id="fl-34">
         <path>C:\Apps\ti\ccsv5\tools\compiler\c5500_4.4.1\lib\</path>
         <kind>archive</kind>
         <file>rts55x.lib</file>
         <name>_lock.obj</name>
      </input_file>
      <input_file id="fl-35">
         <path>C:\Apps\ti\ccsv5\tools\compiler\c5500_4.4.1\lib\</path>
         <kind>archive</kind>
         <file>rts55x.lib</file>
         <name>addd.obj</name>
      </input_file>
      <input_file id="fl-36">
         <path>C:\Apps\ti\ccsv5\tools\compiler\c5500_4.4.1\lib\</path>
         <kind>archive</kind>
         <file>rts55x.lib</file>
         <name>args_main.obj</name>
      </input_file>
      <input_file id="fl-37">
         <path>C:\Apps\ti\ccsv5\tools\compiler\c5500_4.4.1\lib\</path>
         <kind>archive</kind>
         <file>rts55x.lib</file>
         <name>autoinit.obj</name>
      </input_file>
      <input_file id="fl-38">
         <path>C:\Apps\ti\ccsv5\tools\compiler\c5500_4.4.1\lib\</path>
         <kind>archive</kind>
         <file>rts55x.lib</file>
         <name>cmpd.obj</name>
      </input_file>
      <input_file id="fl-39">
         <path>C:\Apps\ti\ccsv5\tools\compiler\c5500_4.4.1\lib\</path>
         <kind>archive</kind>
         <file>rts55x.lib</file>
         <name>fltid.obj</name>
      </input_file>
      <input_file id="fl-3a">
         <path>C:\Apps\ti\ccsv5\tools\compiler\c5500_4.4.1\lib\</path>
         <kind>archive</kind>
         <file>rts55x.lib</file>
         <name>fltlid.obj</name>
      </input_file>
      <input_file id="fl-3b">
         <path>C:\Apps\ti\ccsv5\tools\compiler\c5500_4.4.1\lib\</path>
         <kind>archive</kind>
         <file>rts55x.lib</file>
         <name>frcmpyd.obj</name>
      </input_file>
      <input_file id="fl-3c">
         <path>C:\Apps\ti\ccsv5\tools\compiler\c5500_4.4.1\lib\</path>
         <kind>archive</kind>
         <file>rts55x.lib</file>
         <name>modf.obj</name>
      </input_file>
      <input_file id="fl-3d">
         <path>C:\Apps\ti\ccsv5\tools\compiler\c5500_4.4.1\lib\</path>
         <kind>archive</kind>
         <file>rts55x.lib</file>
         <name>negd.obj</name>
      </input_file>
      <input_file id="fl-3e">
         <path>C:\Apps\ti\ccsv5\tools\compiler\c5500_4.4.1\lib\</path>
         <kind>archive</kind>
         <file>rts55x.lib</file>
         <name>round.obj</name>
      </input_file>
   </input_file_list>
   <object_component_list>
      <object_component id="oc-15">
         <name>vectors</name>
         <load_address>0x3228</load_address>
         <run_address>0x3228</run_address>
         <size>0x100</size>
         <input_file_ref idref="fl-33"/>
      </object_component>
      <object_component id="oc-27">
         <name>.bss</name>
         <uninitialized>true</uninitialized>
         <run_address>0x3160</run_address>
         <size>0x4</size>
         <input_file_ref idref="fl-9"/>
      </object_component>
      <object_component id="oc-32">
         <name>.bss</name>
         <uninitialized>true</uninitialized>
         <run_address>0x3148</run_address>
         <size>0x8</size>
         <input_file_ref idref="fl-b"/>
      </object_component>
      <object_component id="oc-42">
         <name>.bss</name>
         <uninitialized>true</uninitialized>
         <run_address>0x3114</run_address>
         <size>0x24</size>
         <input_file_ref idref="fl-e"/>
      </object_component>
      <object_component id="oc-48">
         <name>.bss</name>
         <uninitialized>true</uninitialized>
         <run_address>0x30c0</run_address>
         <size>0x54</size>
         <input_file_ref idref="fl-f"/>
      </object_component>
      <object_component id="oc-5b">
         <name>.bss</name>
         <uninitialized>true</uninitialized>
         <run_address>0x3158</run_address>
         <size>0x8</size>
         <input_file_ref idref="fl-27"/>
      </object_component>
      <object_component id="oc-83">
         <name>.bss</name>
         <uninitialized>true</uninitialized>
         <run_address>0x3138</run_address>
         <size>0x10</size>
         <input_file_ref idref="fl-30"/>
      </object_component>
      <object_component id="oc-97">
         <name>.bss</name>
         <uninitialized>true</uninitialized>
         <run_address>0x3150</run_address>
         <size>0x8</size>
         <input_file_ref idref="fl-34"/>
      </object_component>
      <object_component id="oc-4e">
         <name>.stack</name>
         <uninitialized>true</uninitialized>
         <run_address>0xc0</run_address>
         <size>0x0</size>
         <input_file_ref idref="fl-24"/>
      </object_component>
      <object_component id="oc-e4">
         <name>.stack</name>
         <uninitialized>true</uninitialized>
         <run_address>0xc0</run_address>
         <size>0x0</size>
      </object_component>
      <object_component id="oc-c7">
         <name>.sysstack</name>
         <uninitialized>true</uninitialized>
         <run_address>0x20c0</run_address>
         <size>0x0</size>
         <input_file_ref idref="fl-24"/>
      </object_component>
      <object_component id="oc-e5">
         <name>.sysstack</name>
         <uninitialized>true</uninitialized>
         <run_address>0x20c0</run_address>
         <size>0x0</size>
      </object_component>
      <object_component id="oc-41">
         <name>.text</name>
         <load_address>0x30000</load_address>
         <run_address>0x30000</run_address>
         <size>0xc3c</size>
         <input_file_ref idref="fl-e"/>
      </object_component>
      <object_component id="oc-47">
         <name>.text</name>
         <load_address>0x30c3c</load_address>
         <run_address>0x30c3c</run_address>
         <size>0x9db</size>
         <input_file_ref idref="fl-f"/>
      </object_component>
      <object_component id="oc-3c">
         <name>.text</name>
         <load_address>0x31617</load_address>
         <run_address>0x31617</run_address>
         <size>0x68d</size>
         <input_file_ref idref="fl-d"/>
      </object_component>
      <object_component id="oc-52">
         <name>.text</name>
         <load_address>0x31ca4</load_address>
         <run_address>0x31ca4</run_address>
         <size>0x3cc</size>
         <input_file_ref idref="fl-25"/>
      </object_component>
      <object_component id="oc-9c">
         <name>.text</name>
         <load_address>0x32070</load_address>
         <run_address>0x32070</run_address>
         <size>0x25a</size>
         <input_file_ref idref="fl-35"/>
      </object_component>
      <object_component id="oc-21">
         <name>.text</name>
         <load_address>0x322ca</load_address>
         <run_address>0x322ca</run_address>
         <size>0x21a</size>
         <input_file_ref idref="fl-4"/>
      </object_component>
      <object_component id="oc-82">
         <name>.text</name>
         <load_address>0x324e4</load_address>
         <run_address>0x324e4</run_address>
         <size>0x1f2</size>
         <input_file_ref idref="fl-30"/>
      </object_component>
      <object_component id="oc-a8">
         <name>.text</name>
         <load_address>0x326d6</load_address>
         <run_address>0x326d6</run_address>
         <size>0x1ea</size>
         <input_file_ref idref="fl-38"/>
      </object_component>
      <object_component id="oc-7a">
         <name>.text</name>
         <load_address>0x328c0</load_address>
         <run_address>0x328c0</run_address>
         <size>0x14c</size>
         <input_file_ref idref="fl-2e"/>
      </object_component>
      <object_component id="oc-26">
         <name>.text</name>
         <load_address>0x32a0c</load_address>
         <run_address>0x32a0c</run_address>
         <size>0x107</size>
         <input_file_ref idref="fl-9"/>
      </object_component>
      <object_component id="oc-1b">
         <name>.text</name>
         <load_address>0x32b13</load_address>
         <run_address>0x32b13</run_address>
         <size>0xc4</size>
         <input_file_ref idref="fl-3"/>
      </object_component>
      <object_component id="oc-b9">
         <name>.text</name>
         <load_address>0x32bd7</load_address>
         <run_address>0x32bd7</run_address>
         <size>0xbf</size>
         <input_file_ref idref="fl-3c"/>
      </object_component>
      <object_component id="oc-56">
         <name>.text</name>
         <load_address>0x32c96</load_address>
         <run_address>0x32c96</run_address>
         <size>0xa1</size>
         <input_file_ref idref="fl-26"/>
      </object_component>
      <object_component id="oc-2c">
         <name>.text</name>
         <load_address>0x32d37</load_address>
         <run_address>0x32d37</run_address>
         <size>0x8e</size>
         <input_file_ref idref="fl-a"/>
      </object_component>
      <object_component id="oc-16">
         <name>.text</name>
         <load_address>0x32dc5</load_address>
         <run_address>0x32dc5</run_address>
         <size>0x80</size>
         <input_file_ref idref="fl-2"/>
      </object_component>
      <object_component id="oc-31">
         <name>.text</name>
         <load_address>0x32e45</load_address>
         <run_address>0x32e45</run_address>
         <size>0x77</size>
         <input_file_ref idref="fl-b"/>
      </object_component>
      <object_component id="oc-b5">
         <name>.text</name>
         <load_address>0x32ebc</load_address>
         <run_address>0x32ebc</run_address>
         <size>0x76</size>
         <input_file_ref idref="fl-3b"/>
      </object_component>
      <object_component id="oc-72">
         <name>.text</name>
         <load_address>0x32f32</load_address>
         <run_address>0x32f32</run_address>
         <size>0x73</size>
         <input_file_ref idref="fl-2c"/>
      </object_component>
      <object_component id="oc-7e">
         <name>.text</name>
         <load_address>0x32fa5</load_address>
         <run_address>0x32fa5</run_address>
         <size>0x72</size>
         <input_file_ref idref="fl-2f"/>
      </object_component>
      <object_component id="oc-65">
         <name>.text</name>
         <load_address>0x33017</load_address>
         <run_address>0x33017</run_address>
         <size>0x6f</size>
         <input_file_ref idref="fl-29"/>
      </object_component>
      <object_component id="oc-b0">
         <name>.text</name>
         <load_address>0x33086</load_address>
         <run_address>0x33086</run_address>
         <size>0x67</size>
         <input_file_ref idref="fl-3a"/>
      </object_component>
      <object_component id="oc-c2">
         <name>.text</name>
         <load_address>0x330ed</load_address>
         <run_address>0x330ed</run_address>
         <size>0x5f</size>
         <input_file_ref idref="fl-3e"/>
      </object_component>
      <object_component id="oc-6d">
         <name>.text</name>
         <load_address>0x3314c</load_address>
         <run_address>0x3314c</run_address>
         <size>0x5b</size>
         <input_file_ref idref="fl-2b"/>
      </object_component>
      <object_component id="oc-37">
         <name>.text</name>
         <load_address>0x331a7</load_address>
         <run_address>0x331a7</run_address>
         <size>0x54</size>
         <input_file_ref idref="fl-c"/>
      </object_component>
      <object_component id="oc-a4">
         <name>.text</name>
         <load_address>0x331fb</load_address>
         <run_address>0x331fb</run_address>
         <size>0x4d</size>
         <input_file_ref idref="fl-37"/>
      </object_component>
      <object_component id="oc-a0">
         <name>.text</name>
         <load_address>0x33248</load_address>
         <run_address>0x33248</run_address>
         <size>0x4b</size>
         <input_file_ref idref="fl-36"/>
      </object_component>
      <object_component id="oc-8d">
         <name>.text</name>
         <load_address>0x33293</load_address>
         <run_address>0x33293</run_address>
         <size>0x41</size>
         <input_file_ref idref="fl-32"/>
      </object_component>
      <object_component id="oc-5a">
         <name>.text</name>
         <load_address>0x332d4</load_address>
         <run_address>0x332d4</run_address>
         <size>0x3e</size>
         <input_file_ref idref="fl-27"/>
      </object_component>
      <object_component id="oc-14">
         <name>.text</name>
         <load_address>0x33312</load_address>
         <run_address>0x33312</run_address>
         <size>0x34</size>
         <input_file_ref idref="fl-24"/>
      </object_component>
      <object_component id="oc-61">
         <name>.text</name>
         <load_address>0x33346</load_address>
         <run_address>0x33346</run_address>
         <size>0x2a</size>
         <input_file_ref idref="fl-28"/>
      </object_component>
      <object_component id="oc-89">
         <name>.text</name>
         <load_address>0x33370</load_address>
         <run_address>0x33370</run_address>
         <size>0x14</size>
         <input_file_ref idref="fl-31"/>
      </object_component>
      <object_component id="oc-76">
         <name>.text</name>
         <load_address>0x33384</load_address>
         <run_address>0x33384</run_address>
         <size>0x13</size>
         <input_file_ref idref="fl-2d"/>
      </object_component>
      <object_component id="oc-96">
         <name>.text</name>
         <load_address>0x33397</load_address>
         <run_address>0x33397</run_address>
         <size>0x12</size>
         <input_file_ref idref="fl-34"/>
      </object_component>
      <object_component id="oc-be">
         <name>.text</name>
         <load_address>0x333a9</load_address>
         <run_address>0x333a9</run_address>
         <size>0x10</size>
         <input_file_ref idref="fl-3d"/>
      </object_component>
      <object_component id="oc-69">
         <name>.text</name>
         <load_address>0x333b9</load_address>
         <run_address>0x333b9</run_address>
         <size>0xe</size>
         <input_file_ref idref="fl-2a"/>
      </object_component>
      <object_component id="oc-ac">
         <name>.text</name>
         <load_address>0x333c7</load_address>
         <run_address>0x333c7</run_address>
         <size>0xc</size>
         <input_file_ref idref="fl-39"/>
      </object_component>
      <object_component id="oc-5e">
         <name>.text:CIO_breakpoint</name>
         <load_address>0x333d3</load_address>
         <run_address>0x333d3</run_address>
         <size>0x7</size>
         <input_file_ref idref="fl-27"/>
      </object_component>
      <object_component id="oc-92">
         <name>.text</name>
         <load_address>0x333da</load_address>
         <run_address>0x333da</run_address>
         <size>0x2</size>
         <input_file_ref idref="fl-33"/>
      </object_component>
      <object_component id="oc-85">
         <name>.cinit</name>
         <load_address>0x31d4</load_address>
         <run_address>0x31d4</run_address>
         <size>0x16</size>
         <input_file_ref idref="fl-30"/>
      </object_component>
      <object_component id="oc-99">
         <name>.cinit</name>
         <load_address>0x31ea</load_address>
         <run_address>0x31ea</run_address>
         <size>0x14</size>
         <input_file_ref idref="fl-34"/>
      </object_component>
      <object_component id="oc-5d">
         <name>.cinit</name>
         <load_address>0x31fe</load_address>
         <run_address>0x31fe</run_address>
         <size>0x14</size>
         <input_file_ref idref="fl-27"/>
      </object_component>
      <object_component id="oc-4a">
         <name>.cinit</name>
         <load_address>0x3212</load_address>
         <run_address>0x3212</run_address>
         <size>0x10</size>
         <input_file_ref idref="fl-f"/>
      </object_component>
      <object_component id="oc-86">
         <name>.const</name>
         <load_address>0x3164</load_address>
         <run_address>0x3164</run_address>
         <size>0x28</size>
         <input_file_ref idref="fl-30"/>
      </object_component>
      <object_component id="oc-c8">
         <name>.const:_initial_approx$1</name>
         <load_address>0x318c</load_address>
         <run_address>0x318c</run_address>
         <size>0x10</size>
         <input_file_ref idref="fl-25"/>
      </object_component>
      <object_component id="oc-c4">
         <name>.const</name>
         <load_address>0x319c</load_address>
         <run_address>0x319c</run_address>
         <size>0x10</size>
         <input_file_ref idref="fl-3e"/>
      </object_component>
      <object_component id="oc-1d">
         <name>.const</name>
         <load_address>0x31ac</load_address>
         <run_address>0x31ac</run_address>
         <size>0xc</size>
         <input_file_ref idref="fl-3"/>
      </object_component>
      <object_component id="oc-bb">
         <name>.const</name>
         <load_address>0x31b8</load_address>
         <run_address>0x31b8</run_address>
         <size>0xc</size>
         <input_file_ref idref="fl-3c"/>
      </object_component>
      <object_component id="oc-8f">
         <name>.const</name>
         <load_address>0x31c4</load_address>
         <run_address>0x31c4</run_address>
         <size>0x8</size>
         <input_file_ref idref="fl-32"/>
      </object_component>
      <object_component id="oc-b2">
         <name>.const</name>
         <load_address>0x31cc</load_address>
         <run_address>0x31cc</run_address>
         <size>0x4</size>
         <input_file_ref idref="fl-3a"/>
      </object_component>
      <object_component id="oc-6f">
         <name>.const</name>
         <load_address>0x31d0</load_address>
         <run_address>0x31d0</run_address>
         <size>0x4</size>
         <input_file_ref idref="fl-2b"/>
      </object_component>
      <object_component id="oc-17">
         <name>.debug_info</name>
         <load_address>0x0</load_address>
         <run_address>0x0</run_address>
         <size>0x1079</size>
         <input_file_ref idref="fl-2"/>
      </object_component>
      <object_component id="oc-1c">
         <name>.debug_info</name>
         <load_address>0x1079</load_address>
         <run_address>0x1079</run_address>
         <size>0x77f</size>
         <input_file_ref idref="fl-3"/>
      </object_component>
      <object_component id="oc-22">
         <name>.debug_info</name>
         <load_address>0x17f8</load_address>
         <run_address>0x17f8</run_address>
         <size>0xace</size>
         <input_file_ref idref="fl-4"/>
      </object_component>
      <object_component id="oc-28">
         <name>.debug_info</name>
         <load_address>0x22c6</load_address>
         <run_address>0x22c6</run_address>
         <size>0x14ef</size>
         <input_file_ref idref="fl-9"/>
      </object_component>
      <object_component id="oc-2d">
         <name>.debug_info</name>
         <load_address>0x37b5</load_address>
         <run_address>0x37b5</run_address>
         <size>0xa21</size>
         <input_file_ref idref="fl-a"/>
      </object_component>
      <object_component id="oc-33">
         <name>.debug_info</name>
         <load_address>0x41d6</load_address>
         <run_address>0x41d6</run_address>
         <size>0xede</size>
         <input_file_ref idref="fl-b"/>
      </object_component>
      <object_component id="oc-38">
         <name>.debug_info</name>
         <load_address>0x50b4</load_address>
         <run_address>0x50b4</run_address>
         <size>0xc69</size>
         <input_file_ref idref="fl-c"/>
      </object_component>
      <object_component id="oc-3d">
         <name>.debug_info</name>
         <load_address>0x5d1d</load_address>
         <run_address>0x5d1d</run_address>
         <size>0x699c</size>
         <input_file_ref idref="fl-d"/>
      </object_component>
      <object_component id="oc-43">
         <name>.debug_info</name>
         <load_address>0xc6b9</load_address>
         <run_address>0xc6b9</run_address>
         <size>0x7053</size>
         <input_file_ref idref="fl-e"/>
      </object_component>
      <object_component id="oc-49">
         <name>.debug_info</name>
         <load_address>0x1370c</load_address>
         <run_address>0x1370c</run_address>
         <size>0x6e6d</size>
         <input_file_ref idref="fl-f"/>
      </object_component>
      <object_component id="oc-4f">
         <name>.debug_info</name>
         <load_address>0x1a579</load_address>
         <run_address>0x1a579</run_address>
         <size>0xe8</size>
         <input_file_ref idref="fl-24"/>
      </object_component>
      <object_component id="oc-53">
         <name>.debug_info</name>
         <load_address>0x1a661</load_address>
         <run_address>0x1a661</run_address>
         <size>0x7e8</size>
         <input_file_ref idref="fl-25"/>
      </object_component>
      <object_component id="oc-57">
         <name>.debug_info</name>
         <load_address>0x1ae49</load_address>
         <run_address>0x1ae49</run_address>
         <size>0x534</size>
         <input_file_ref idref="fl-26"/>
      </object_component>
      <object_component id="oc-5c">
         <name>.debug_info</name>
         <load_address>0x1b37d</load_address>
         <run_address>0x1b37d</run_address>
         <size>0x5fb</size>
         <input_file_ref idref="fl-27"/>
      </object_component>
      <object_component id="oc-62">
         <name>.debug_info</name>
         <load_address>0x1b978</load_address>
         <run_address>0x1b978</run_address>
         <size>0x4cf</size>
         <input_file_ref idref="fl-28"/>
      </object_component>
      <object_component id="oc-66">
         <name>.debug_info</name>
         <load_address>0x1be47</load_address>
         <run_address>0x1be47</run_address>
         <size>0x534</size>
         <input_file_ref idref="fl-29"/>
      </object_component>
      <object_component id="oc-6a">
         <name>.debug_info</name>
         <load_address>0x1c37b</load_address>
         <run_address>0x1c37b</run_address>
         <size>0x4cf</size>
         <input_file_ref idref="fl-2a"/>
      </object_component>
      <object_component id="oc-6e">
         <name>.debug_info</name>
         <load_address>0x1c84a</load_address>
         <run_address>0x1c84a</run_address>
         <size>0x549</size>
         <input_file_ref idref="fl-2b"/>
      </object_component>
      <object_component id="oc-73">
         <name>.debug_info</name>
         <load_address>0x1cd93</load_address>
         <run_address>0x1cd93</run_address>
         <size>0x53e</size>
         <input_file_ref idref="fl-2c"/>
      </object_component>
      <object_component id="oc-77">
         <name>.debug_info</name>
         <load_address>0x1d2d1</load_address>
         <run_address>0x1d2d1</run_address>
         <size>0xbd</size>
         <input_file_ref idref="fl-2d"/>
      </object_component>
      <object_component id="oc-7b">
         <name>.debug_info</name>
         <load_address>0x1d38e</load_address>
         <run_address>0x1d38e</run_address>
         <size>0x55b</size>
         <input_file_ref idref="fl-2e"/>
      </object_component>
      <object_component id="oc-7f">
         <name>.debug_info</name>
         <load_address>0x1d8e9</load_address>
         <run_address>0x1d8e9</run_address>
         <size>0x534</size>
         <input_file_ref idref="fl-2f"/>
      </object_component>
      <object_component id="oc-84">
         <name>.debug_info</name>
         <load_address>0x1de1d</load_address>
         <run_address>0x1de1d</run_address>
         <size>0x6ef</size>
         <input_file_ref idref="fl-30"/>
      </object_component>
      <object_component id="oc-8a">
         <name>.debug_info</name>
         <load_address>0x1e50c</load_address>
         <run_address>0x1e50c</run_address>
         <size>0x4de</size>
         <input_file_ref idref="fl-31"/>
      </object_component>
      <object_component id="oc-8e">
         <name>.debug_info</name>
         <load_address>0x1e9ea</load_address>
         <run_address>0x1e9ea</run_address>
         <size>0x521</size>
         <input_file_ref idref="fl-32"/>
      </object_component>
      <object_component id="oc-93">
         <name>.debug_info</name>
         <load_address>0x1ef0b</load_address>
         <run_address>0x1ef0b</run_address>
         <size>0xbc</size>
         <input_file_ref idref="fl-33"/>
      </object_component>
      <object_component id="oc-98">
         <name>.debug_info</name>
         <load_address>0x1efc7</load_address>
         <run_address>0x1efc7</run_address>
         <size>0x5bc</size>
         <input_file_ref idref="fl-34"/>
      </object_component>
      <object_component id="oc-9d">
         <name>.debug_info</name>
         <load_address>0x1f583</load_address>
         <run_address>0x1f583</run_address>
         <size>0x5ab</size>
         <input_file_ref idref="fl-35"/>
      </object_component>
      <object_component id="oc-a1">
         <name>.debug_info</name>
         <load_address>0x1fb2e</load_address>
         <run_address>0x1fb2e</run_address>
         <size>0x586</size>
         <input_file_ref idref="fl-36"/>
      </object_component>
      <object_component id="oc-a5">
         <name>.debug_info</name>
         <load_address>0x200b4</load_address>
         <run_address>0x200b4</run_address>
         <size>0xcd</size>
         <input_file_ref idref="fl-37"/>
      </object_component>
      <object_component id="oc-a9">
         <name>.debug_info</name>
         <load_address>0x20181</load_address>
         <run_address>0x20181</run_address>
         <size>0x81f</size>
         <input_file_ref idref="fl-38"/>
      </object_component>
      <object_component id="oc-ad">
         <name>.debug_info</name>
         <load_address>0x209a0</load_address>
         <run_address>0x209a0</run_address>
         <size>0x4cf</size>
         <input_file_ref idref="fl-39"/>
      </object_component>
      <object_component id="oc-b1">
         <name>.debug_info</name>
         <load_address>0x20e6f</load_address>
         <run_address>0x20e6f</run_address>
         <size>0x549</size>
         <input_file_ref idref="fl-3a"/>
      </object_component>
      <object_component id="oc-b6">
         <name>.debug_info</name>
         <load_address>0x213b8</load_address>
         <run_address>0x213b8</run_address>
         <size>0x4d2</size>
         <input_file_ref idref="fl-3b"/>
      </object_component>
      <object_component id="oc-ba">
         <name>.debug_info</name>
         <load_address>0x2188a</load_address>
         <run_address>0x2188a</run_address>
         <size>0x50c</size>
         <input_file_ref idref="fl-3c"/>
      </object_component>
      <object_component id="oc-bf">
         <name>.debug_info</name>
         <load_address>0x21d96</load_address>
         <run_address>0x21d96</run_address>
         <size>0x4b7</size>
         <input_file_ref idref="fl-3d"/>
      </object_component>
      <object_component id="oc-c3">
         <name>.debug_info</name>
         <load_address>0x2224d</load_address>
         <run_address>0x2224d</run_address>
         <size>0x52e</size>
         <input_file_ref idref="fl-3e"/>
      </object_component>
      <object_component id="oc-e7">
         <name>.debug_info</name>
         <load_address>0x2277b</load_address>
         <run_address>0x2277b</run_address>
         <size>0x6e</size>
      </object_component>
      <object_component id="oc-18">
         <name>.debug_frame</name>
         <load_address>0x0</load_address>
         <run_address>0x0</run_address>
         <size>0x155</size>
         <input_file_ref idref="fl-2"/>
      </object_component>
      <object_component id="oc-1e">
         <name>.debug_frame</name>
         <load_address>0x155</load_address>
         <run_address>0x155</run_address>
         <size>0xec</size>
         <input_file_ref idref="fl-3"/>
      </object_component>
      <object_component id="oc-23">
         <name>.debug_frame</name>
         <load_address>0x241</load_address>
         <run_address>0x241</run_address>
         <size>0x101</size>
         <input_file_ref idref="fl-4"/>
      </object_component>
      <object_component id="oc-29">
         <name>.debug_frame</name>
         <load_address>0x342</load_address>
         <run_address>0x342</run_address>
         <size>0x171</size>
         <input_file_ref idref="fl-9"/>
      </object_component>
      <object_component id="oc-2e">
         <name>.debug_frame</name>
         <load_address>0x4b3</load_address>
         <run_address>0x4b3</run_address>
         <size>0x138</size>
         <input_file_ref idref="fl-a"/>
      </object_component>
      <object_component id="oc-34">
         <name>.debug_frame</name>
         <load_address>0x5eb</load_address>
         <run_address>0x5eb</run_address>
         <size>0x138</size>
         <input_file_ref idref="fl-b"/>
      </object_component>
      <object_component id="oc-39">
         <name>.debug_frame</name>
         <load_address>0x723</load_address>
         <run_address>0x723</run_address>
         <size>0x116</size>
         <input_file_ref idref="fl-c"/>
      </object_component>
      <object_component id="oc-3e">
         <name>.debug_frame</name>
         <load_address>0x839</load_address>
         <run_address>0x839</run_address>
         <size>0x224</size>
         <input_file_ref idref="fl-d"/>
      </object_component>
      <object_component id="oc-44">
         <name>.debug_frame</name>
         <load_address>0xa5d</load_address>
         <run_address>0xa5d</run_address>
         <size>0x1ef</size>
         <input_file_ref idref="fl-e"/>
      </object_component>
      <object_component id="oc-4b">
         <name>.debug_frame</name>
         <load_address>0xc4c</load_address>
         <run_address>0xc4c</run_address>
         <size>0x197</size>
         <input_file_ref idref="fl-f"/>
      </object_component>
      <object_component id="oc-19">
         <name>.debug_line</name>
         <load_address>0x0</load_address>
         <run_address>0x0</run_address>
         <size>0xaa</size>
         <input_file_ref idref="fl-2"/>
      </object_component>
      <object_component id="oc-1f">
         <name>.debug_line</name>
         <load_address>0xaa</load_address>
         <run_address>0xaa</run_address>
         <size>0x72</size>
         <input_file_ref idref="fl-3"/>
      </object_component>
      <object_component id="oc-24">
         <name>.debug_line</name>
         <load_address>0x11c</load_address>
         <run_address>0x11c</run_address>
         <size>0xbf</size>
         <input_file_ref idref="fl-4"/>
      </object_component>
      <object_component id="oc-2a">
         <name>.debug_line</name>
         <load_address>0x1db</load_address>
         <run_address>0x1db</run_address>
         <size>0xe6</size>
         <input_file_ref idref="fl-9"/>
      </object_component>
      <object_component id="oc-2f">
         <name>.debug_line</name>
         <load_address>0x2c1</load_address>
         <run_address>0x2c1</run_address>
         <size>0xa7</size>
         <input_file_ref idref="fl-a"/>
      </object_component>
      <object_component id="oc-35">
         <name>.debug_line</name>
         <load_address>0x368</load_address>
         <run_address>0x368</run_address>
         <size>0x9f</size>
         <input_file_ref idref="fl-b"/>
      </object_component>
      <object_component id="oc-3a">
         <name>.debug_line</name>
         <load_address>0x407</load_address>
         <run_address>0x407</run_address>
         <size>0x82</size>
         <input_file_ref idref="fl-c"/>
      </object_component>
      <object_component id="oc-3f">
         <name>.debug_line</name>
         <load_address>0x489</load_address>
         <run_address>0x489</run_address>
         <size>0x4fc</size>
         <input_file_ref idref="fl-d"/>
      </object_component>
      <object_component id="oc-45">
         <name>.debug_line</name>
         <load_address>0x985</load_address>
         <run_address>0x985</run_address>
         <size>0x6a1</size>
         <input_file_ref idref="fl-e"/>
      </object_component>
      <object_component id="oc-4c">
         <name>.debug_line</name>
         <load_address>0x1026</load_address>
         <run_address>0x1026</run_address>
         <size>0x680</size>
         <input_file_ref idref="fl-f"/>
      </object_component>
      <object_component id="oc-50">
         <name>.debug_line</name>
         <load_address>0x16a6</load_address>
         <run_address>0x16a6</run_address>
         <size>0x54</size>
         <input_file_ref idref="fl-24"/>
      </object_component>
      <object_component id="oc-54">
         <name>.debug_line</name>
         <load_address>0x16fa</load_address>
         <run_address>0x16fa</run_address>
         <size>0x5b</size>
         <input_file_ref idref="fl-25"/>
      </object_component>
      <object_component id="oc-58">
         <name>.debug_line</name>
         <load_address>0x1755</load_address>
         <run_address>0x1755</run_address>
         <size>0x44</size>
         <input_file_ref idref="fl-26"/>
      </object_component>
      <object_component id="oc-5f">
         <name>.debug_line</name>
         <load_address>0x1799</load_address>
         <run_address>0x1799</run_address>
         <size>0x51</size>
         <input_file_ref idref="fl-27"/>
      </object_component>
      <object_component id="oc-63">
         <name>.debug_line</name>
         <load_address>0x17ea</load_address>
         <run_address>0x17ea</run_address>
         <size>0x3d</size>
         <input_file_ref idref="fl-28"/>
      </object_component>
      <object_component id="oc-67">
         <name>.debug_line</name>
         <load_address>0x1827</load_address>
         <run_address>0x1827</run_address>
         <size>0x3d</size>
         <input_file_ref idref="fl-29"/>
      </object_component>
      <object_component id="oc-6b">
         <name>.debug_line</name>
         <load_address>0x1864</load_address>
         <run_address>0x1864</run_address>
         <size>0x3d</size>
         <input_file_ref idref="fl-2a"/>
      </object_component>
      <object_component id="oc-70">
         <name>.debug_line</name>
         <load_address>0x18a1</load_address>
         <run_address>0x18a1</run_address>
         <size>0x44</size>
         <input_file_ref idref="fl-2b"/>
      </object_component>
      <object_component id="oc-74">
         <name>.debug_line</name>
         <load_address>0x18e5</load_address>
         <run_address>0x18e5</run_address>
         <size>0x40</size>
         <input_file_ref idref="fl-2c"/>
      </object_component>
      <object_component id="oc-78">
         <name>.debug_line</name>
         <load_address>0x1925</load_address>
         <run_address>0x1925</run_address>
         <size>0x3c</size>
         <input_file_ref idref="fl-2d"/>
      </object_component>
      <object_component id="oc-7c">
         <name>.debug_line</name>
         <load_address>0x1961</load_address>
         <run_address>0x1961</run_address>
         <size>0x3c</size>
         <input_file_ref idref="fl-2e"/>
      </object_component>
      <object_component id="oc-80">
         <name>.debug_line</name>
         <load_address>0x199d</load_address>
         <run_address>0x199d</run_address>
         <size>0x44</size>
         <input_file_ref idref="fl-2f"/>
      </object_component>
      <object_component id="oc-87">
         <name>.debug_line</name>
         <load_address>0x19e1</load_address>
         <run_address>0x19e1</run_address>
         <size>0x54</size>
         <input_file_ref idref="fl-30"/>
      </object_component>
      <object_component id="oc-8b">
         <name>.debug_line</name>
         <load_address>0x1a35</load_address>
         <run_address>0x1a35</run_address>
         <size>0x37</size>
         <input_file_ref idref="fl-31"/>
      </object_component>
      <object_component id="oc-90">
         <name>.debug_line</name>
         <load_address>0x1a6c</load_address>
         <run_address>0x1a6c</run_address>
         <size>0x38</size>
         <input_file_ref idref="fl-32"/>
      </object_component>
      <object_component id="oc-94">
         <name>.debug_line</name>
         <load_address>0x1aa4</load_address>
         <run_address>0x1aa4</run_address>
         <size>0x37</size>
         <input_file_ref idref="fl-33"/>
      </object_component>
      <object_component id="oc-9a">
         <name>.debug_line</name>
         <load_address>0x1adb</load_address>
         <run_address>0x1adb</run_address>
         <size>0x57</size>
         <input_file_ref idref="fl-34"/>
      </object_component>
      <object_component id="oc-9e">
         <name>.debug_line</name>
         <load_address>0x1b32</load_address>
         <run_address>0x1b32</run_address>
         <size>0x5c</size>
         <input_file_ref idref="fl-35"/>
      </object_component>
      <object_component id="oc-a2">
         <name>.debug_line</name>
         <load_address>0x1b8e</load_address>
         <run_address>0x1b8e</run_address>
         <size>0x41</size>
         <input_file_ref idref="fl-36"/>
      </object_component>
      <object_component id="oc-a6">
         <name>.debug_line</name>
         <load_address>0x1bcf</load_address>
         <run_address>0x1bcf</run_address>
         <size>0x55</size>
         <input_file_ref idref="fl-37"/>
      </object_component>
      <object_component id="oc-aa">
         <name>.debug_line</name>
         <load_address>0x1c24</load_address>
         <run_address>0x1c24</run_address>
         <size>0xad</size>
         <input_file_ref idref="fl-38"/>
      </object_component>
      <object_component id="oc-ae">
         <name>.debug_line</name>
         <load_address>0x1cd1</load_address>
         <run_address>0x1cd1</run_address>
         <size>0x3d</size>
         <input_file_ref idref="fl-39"/>
      </object_component>
      <object_component id="oc-b3">
         <name>.debug_line</name>
         <load_address>0x1d0e</load_address>
         <run_address>0x1d0e</run_address>
         <size>0x44</size>
         <input_file_ref idref="fl-3a"/>
      </object_component>
      <object_component id="oc-b7">
         <name>.debug_line</name>
         <load_address>0x1d52</load_address>
         <run_address>0x1d52</run_address>
         <size>0x3a</size>
         <input_file_ref idref="fl-3b"/>
      </object_component>
      <object_component id="oc-bc">
         <name>.debug_line</name>
         <load_address>0x1d8c</load_address>
         <run_address>0x1d8c</run_address>
         <size>0x3c</size>
         <input_file_ref idref="fl-3c"/>
      </object_component>
      <object_component id="oc-c0">
         <name>.debug_line</name>
         <load_address>0x1dc8</load_address>
         <run_address>0x1dc8</run_address>
         <size>0x37</size>
         <input_file_ref idref="fl-3d"/>
      </object_component>
      <object_component id="oc-c5">
         <name>.debug_line</name>
         <load_address>0x1dff</load_address>
         <run_address>0x1dff</run_address>
         <size>0x3a</size>
         <input_file_ref idref="fl-3e"/>
      </object_component>
      <object_component id="oc-1a">
         <name>.debug_abbrev</name>
         <load_address>0x0</load_address>
         <run_address>0x0</run_address>
         <size>0x145</size>
         <input_file_ref idref="fl-2"/>
      </object_component>
      <object_component id="oc-20">
         <name>.debug_abbrev</name>
         <load_address>0x145</load_address>
         <run_address>0x145</run_address>
         <size>0xe8</size>
         <input_file_ref idref="fl-3"/>
      </object_component>
      <object_component id="oc-25">
         <name>.debug_abbrev</name>
         <load_address>0x22d</load_address>
         <run_address>0x22d</run_address>
         <size>0x105</size>
         <input_file_ref idref="fl-4"/>
      </object_component>
      <object_component id="oc-2b">
         <name>.debug_abbrev</name>
         <load_address>0x332</load_address>
         <run_address>0x332</run_address>
         <size>0x164</size>
         <input_file_ref idref="fl-9"/>
      </object_component>
      <object_component id="oc-30">
         <name>.debug_abbrev</name>
         <load_address>0x496</load_address>
         <run_address>0x496</run_address>
         <size>0xd9</size>
         <input_file_ref idref="fl-a"/>
      </object_component>
      <object_component id="oc-36">
         <name>.debug_abbrev</name>
         <load_address>0x56f</load_address>
         <run_address>0x56f</run_address>
         <size>0x122</size>
         <input_file_ref idref="fl-b"/>
      </object_component>
      <object_component id="oc-3b">
         <name>.debug_abbrev</name>
         <load_address>0x691</load_address>
         <run_address>0x691</run_address>
         <size>0x12d</size>
         <input_file_ref idref="fl-c"/>
      </object_component>
      <object_component id="oc-40">
         <name>.debug_abbrev</name>
         <load_address>0x7be</load_address>
         <run_address>0x7be</run_address>
         <size>0x1a7</size>
         <input_file_ref idref="fl-d"/>
      </object_component>
      <object_component id="oc-46">
         <name>.debug_abbrev</name>
         <load_address>0x965</load_address>
         <run_address>0x965</run_address>
         <size>0x25d</size>
         <input_file_ref idref="fl-e"/>
      </object_component>
      <object_component id="oc-4d">
         <name>.debug_abbrev</name>
         <load_address>0xbc2</load_address>
         <run_address>0xbc2</run_address>
         <size>0x237</size>
         <input_file_ref idref="fl-f"/>
      </object_component>
      <object_component id="oc-51">
         <name>.debug_abbrev</name>
         <load_address>0xdf9</load_address>
         <run_address>0xdf9</run_address>
         <size>0x3a</size>
         <input_file_ref idref="fl-24"/>
      </object_component>
      <object_component id="oc-55">
         <name>.debug_abbrev</name>
         <load_address>0xe33</load_address>
         <run_address>0xe33</run_address>
         <size>0x112</size>
         <input_file_ref idref="fl-25"/>
      </object_component>
      <object_component id="oc-59">
         <name>.debug_abbrev</name>
         <load_address>0xf45</load_address>
         <run_address>0xf45</run_address>
         <size>0xb5</size>
         <input_file_ref idref="fl-26"/>
      </object_component>
      <object_component id="oc-60">
         <name>.debug_abbrev</name>
         <load_address>0xffa</load_address>
         <run_address>0xffa</run_address>
         <size>0xf7</size>
         <input_file_ref idref="fl-27"/>
      </object_component>
      <object_component id="oc-64">
         <name>.debug_abbrev</name>
         <load_address>0x10f1</load_address>
         <run_address>0x10f1</run_address>
         <size>0x8f</size>
         <input_file_ref idref="fl-28"/>
      </object_component>
      <object_component id="oc-68">
         <name>.debug_abbrev</name>
         <load_address>0x1180</load_address>
         <run_address>0x1180</run_address>
         <size>0xb7</size>
         <input_file_ref idref="fl-29"/>
      </object_component>
      <object_component id="oc-6c">
         <name>.debug_abbrev</name>
         <load_address>0x1237</load_address>
         <run_address>0x1237</run_address>
         <size>0x8f</size>
         <input_file_ref idref="fl-2a"/>
      </object_component>
      <object_component id="oc-71">
         <name>.debug_abbrev</name>
         <load_address>0x12c6</load_address>
         <run_address>0x12c6</run_address>
         <size>0xc2</size>
         <input_file_ref idref="fl-2b"/>
      </object_component>
      <object_component id="oc-75">
         <name>.debug_abbrev</name>
         <load_address>0x1388</load_address>
         <run_address>0x1388</run_address>
         <size>0x9a</size>
         <input_file_ref idref="fl-2c"/>
      </object_component>
      <object_component id="oc-79">
         <name>.debug_abbrev</name>
         <load_address>0x1422</load_address>
         <run_address>0x1422</run_address>
         <size>0x38</size>
         <input_file_ref idref="fl-2d"/>
      </object_component>
      <object_component id="oc-7d">
         <name>.debug_abbrev</name>
         <load_address>0x145a</load_address>
         <run_address>0x145a</run_address>
         <size>0xdc</size>
         <input_file_ref idref="fl-2e"/>
      </object_component>
      <object_component id="oc-81">
         <name>.debug_abbrev</name>
         <load_address>0x1536</load_address>
         <run_address>0x1536</run_address>
         <size>0xb5</size>
         <input_file_ref idref="fl-2f"/>
      </object_component>
      <object_component id="oc-88">
         <name>.debug_abbrev</name>
         <load_address>0x15eb</load_address>
         <run_address>0x15eb</run_address>
         <size>0xcc</size>
         <input_file_ref idref="fl-30"/>
      </object_component>
      <object_component id="oc-8c">
         <name>.debug_abbrev</name>
         <load_address>0x16b7</load_address>
         <run_address>0x16b7</run_address>
         <size>0x8f</size>
         <input_file_ref idref="fl-31"/>
      </object_component>
      <object_component id="oc-91">
         <name>.debug_abbrev</name>
         <load_address>0x1746</load_address>
         <run_address>0x1746</run_address>
         <size>0xaf</size>
         <input_file_ref idref="fl-32"/>
      </object_component>
      <object_component id="oc-95">
         <name>.debug_abbrev</name>
         <load_address>0x17f5</load_address>
         <run_address>0x17f5</run_address>
         <size>0x26</size>
         <input_file_ref idref="fl-33"/>
      </object_component>
      <object_component id="oc-9b">
         <name>.debug_abbrev</name>
         <load_address>0x181b</load_address>
         <run_address>0x181b</run_address>
         <size>0x9f</size>
         <input_file_ref idref="fl-34"/>
      </object_component>
      <object_component id="oc-9f">
         <name>.debug_abbrev</name>
         <load_address>0x18ba</load_address>
         <run_address>0x18ba</run_address>
         <size>0xd4</size>
         <input_file_ref idref="fl-35"/>
      </object_component>
      <object_component id="oc-a3">
         <name>.debug_abbrev</name>
         <load_address>0x198e</load_address>
         <run_address>0x198e</run_address>
         <size>0xec</size>
         <input_file_ref idref="fl-36"/>
      </object_component>
      <object_component id="oc-a7">
         <name>.debug_abbrev</name>
         <load_address>0x1a7a</load_address>
         <run_address>0x1a7a</run_address>
         <size>0x44</size>
         <input_file_ref idref="fl-37"/>
      </object_component>
      <object_component id="oc-ab">
         <name>.debug_abbrev</name>
         <load_address>0x1abe</load_address>
         <run_address>0x1abe</run_address>
         <size>0xb7</size>
         <input_file_ref idref="fl-38"/>
      </object_component>
      <object_component id="oc-af">
         <name>.debug_abbrev</name>
         <load_address>0x1b75</load_address>
         <run_address>0x1b75</run_address>
         <size>0x8f</size>
         <input_file_ref idref="fl-39"/>
      </object_component>
      <object_component id="oc-b4">
         <name>.debug_abbrev</name>
         <load_address>0x1c04</load_address>
         <run_address>0x1c04</run_address>
         <size>0xc2</size>
         <input_file_ref idref="fl-3a"/>
      </object_component>
      <object_component id="oc-b8">
         <name>.debug_abbrev</name>
         <load_address>0x1cc6</load_address>
         <run_address>0x1cc6</run_address>
         <size>0x81</size>
         <input_file_ref idref="fl-3b"/>
      </object_component>
      <object_component id="oc-bd">
         <name>.debug_abbrev</name>
         <load_address>0x1d47</load_address>
         <run_address>0x1d47</run_address>
         <size>0x98</size>
         <input_file_ref idref="fl-3c"/>
      </object_component>
      <object_component id="oc-c1">
         <name>.debug_abbrev</name>
         <load_address>0x1ddf</load_address>
         <run_address>0x1ddf</run_address>
         <size>0x81</size>
         <input_file_ref idref="fl-3d"/>
      </object_component>
      <object_component id="oc-c6">
         <name>.debug_abbrev</name>
         <load_address>0x1e60</load_address>
         <run_address>0x1e60</run_address>
         <size>0xaf</size>
         <input_file_ref idref="fl-3e"/>
      </object_component>
      <object_component id="oc-e8">
         <name>.debug_abbrev</name>
         <load_address>0x1f0f</load_address>
         <run_address>0x1f0f</run_address>
         <size>0xd</size>
      </object_component>
   </object_component_list>
   <logical_group_list>
      <logical_group id="lg-2">
         <name>vectors</name>
         <load_address>0x3228</load_address>
         <run_address>0x3228</run_address>
         <size>0x100</size>
         <contents>
            <object_component_ref idref="oc-15"/>
         </contents>
      </logical_group>
      <logical_group id="lg-3">
         <name>.bss</name>
         <run_address>0x30c0</run_address>
         <size>0xa4</size>
         <contents>
            <object_component_ref idref="oc-27"/>
            <object_component_ref idref="oc-32"/>
            <object_component_ref idref="oc-42"/>
            <object_component_ref idref="oc-48"/>
            <object_component_ref idref="oc-5b"/>
            <object_component_ref idref="oc-83"/>
            <object_component_ref idref="oc-97"/>
         </contents>
      </logical_group>
      <logical_group id="lg-4">
         <name>vector</name>
         <run_address>0x0</run_address>
         <size>0x0</size>
         <contents>
         </contents>
      </logical_group>
      <logical_group id="lg-5">
         <name>.stack</name>
         <run_address>0xc0</run_address>
         <size>0x2000</size>
         <contents>
            <object_component_ref idref="oc-4e"/>
            <object_component_ref idref="oc-e4"/>
         </contents>
      </logical_group>
      <logical_group id="lg-6">
         <name>.sysstack</name>
         <run_address>0x20c0</run_address>
         <size>0x1000</size>
         <contents>
            <object_component_ref idref="oc-c7"/>
            <object_component_ref idref="oc-e5"/>
         </contents>
      </logical_group>
      <logical_group id="lg-7">
         <name>.sysmem</name>
         <run_address>0x0</run_address>
         <size>0x0</size>
         <contents>
         </contents>
      </logical_group>
      <logical_group id="lg-8">
         <name>.text</name>
         <load_address>0x30000</load_address>
         <run_address>0x30000</run_address>
         <size>0x33dd</size>
         <contents>
            <object_component_ref idref="oc-41"/>
            <object_component_ref idref="oc-47"/>
            <object_component_ref idref="oc-3c"/>
            <object_component_ref idref="oc-52"/>
            <object_component_ref idref="oc-9c"/>
            <object_component_ref idref="oc-21"/>
            <object_component_ref idref="oc-82"/>
            <object_component_ref idref="oc-a8"/>
            <object_component_ref idref="oc-7a"/>
            <object_component_ref idref="oc-26"/>
            <object_component_ref idref="oc-1b"/>
            <object_component_ref idref="oc-b9"/>
            <object_component_ref idref="oc-56"/>
            <object_component_ref idref="oc-2c"/>
            <object_component_ref idref="oc-16"/>
            <object_component_ref idref="oc-31"/>
            <object_component_ref idref="oc-b5"/>
            <object_component_ref idref="oc-72"/>
            <object_component_ref idref="oc-7e"/>
            <object_component_ref idref="oc-65"/>
            <object_component_ref idref="oc-b0"/>
            <object_component_ref idref="oc-c2"/>
            <object_component_ref idref="oc-6d"/>
            <object_component_ref idref="oc-37"/>
            <object_component_ref idref="oc-a4"/>
            <object_component_ref idref="oc-a0"/>
            <object_component_ref idref="oc-8d"/>
            <object_component_ref idref="oc-5a"/>
            <object_component_ref idref="oc-14"/>
            <object_component_ref idref="oc-61"/>
            <object_component_ref idref="oc-89"/>
            <object_component_ref idref="oc-76"/>
            <object_component_ref idref="oc-96"/>
            <object_component_ref idref="oc-be"/>
            <object_component_ref idref="oc-69"/>
            <object_component_ref idref="oc-ac"/>
            <object_component_ref idref="oc-5e"/>
            <object_component_ref idref="oc-92"/>
         </contents>
      </logical_group>
      <logical_group id="lg-9">
         <name>.data</name>
         <run_address>0xc0</run_address>
         <size>0x0</size>
         <contents>
         </contents>
      </logical_group>
      <logical_group id="lg-a">
         <name>.cinit</name>
         <load_address>0x31d4</load_address>
         <run_address>0x31d4</run_address>
         <size>0x50</size>
         <contents>
            <object_component_ref idref="oc-85"/>
            <object_component_ref idref="oc-99"/>
            <object_component_ref idref="oc-5d"/>
            <object_component_ref idref="oc-4a"/>
         </contents>
      </logical_group>
      <logical_group id="lg-b">
         <name>.const</name>
         <load_address>0x3164</load_address>
         <run_address>0x3164</run_address>
         <size>0x70</size>
         <contents>
            <object_component_ref idref="oc-86"/>
            <object_component_ref idref="oc-c8"/>
            <object_component_ref idref="oc-c4"/>
            <object_component_ref idref="oc-1d"/>
            <object_component_ref idref="oc-bb"/>
            <object_component_ref idref="oc-8f"/>
            <object_component_ref idref="oc-b2"/>
            <object_component_ref idref="oc-6f"/>
         </contents>
      </logical_group>
      <logical_group id="lg-c">
         <name>.cio</name>
         <run_address>0x0</run_address>
         <size>0x0</size>
         <contents>
         </contents>
      </logical_group>
      <logical_group id="lg-d">
         <name>.usect</name>
         <run_address>0x0</run_address>
         <size>0x0</size>
         <contents>
         </contents>
      </logical_group>
      <logical_group id="lg-e">
         <name>.switch</name>
         <run_address>0x0</run_address>
         <size>0x0</size>
         <contents>
         </contents>
      </logical_group>
      <logical_group id="lg-f">
         <name>.emif_cs0</name>
         <run_address>0x0</run_address>
         <size>0x0</size>
         <contents>
         </contents>
      </logical_group>
      <logical_group id="lg-10">
         <name>.emif_cs2</name>
         <run_address>0x0</run_address>
         <size>0x0</size>
         <contents>
         </contents>
      </logical_group>
      <logical_group id="lg-11">
         <name>.emif_cs3</name>
         <run_address>0x0</run_address>
         <size>0x0</size>
         <contents>
         </contents>
      </logical_group>
      <logical_group id="lg-12">
         <name>.emif_cs4</name>
         <run_address>0x0</run_address>
         <size>0x0</size>
         <contents>
         </contents>
      </logical_group>
      <logical_group id="lg-13">
         <name>.emif_cs5</name>
         <run_address>0x0</run_address>
         <size>0x0</size>
         <contents>
         </contents>
      </logical_group>
      <logical_group id="lg-db">
         <name>.debug_info</name>
         <load_address>0x0</load_address>
         <run_address>0x0</run_address>
         <size>0x227e9</size>
         <contents>
            <object_component_ref idref="oc-17"/>
            <object_component_ref idref="oc-1c"/>
            <object_component_ref idref="oc-22"/>
            <object_component_ref idref="oc-28"/>
            <object_component_ref idref="oc-2d"/>
            <object_component_ref idref="oc-33"/>
            <object_component_ref idref="oc-38"/>
            <object_component_ref idref="oc-3d"/>
            <object_component_ref idref="oc-43"/>
            <object_component_ref idref="oc-49"/>
            <object_component_ref idref="oc-4f"/>
            <object_component_ref idref="oc-53"/>
            <object_component_ref idref="oc-57"/>
            <object_component_ref idref="oc-5c"/>
            <object_component_ref idref="oc-62"/>
            <object_component_ref idref="oc-66"/>
            <object_component_ref idref="oc-6a"/>
            <object_component_ref idref="oc-6e"/>
            <object_component_ref idref="oc-73"/>
            <object_component_ref idref="oc-77"/>
            <object_component_ref idref="oc-7b"/>
            <object_component_ref idref="oc-7f"/>
            <object_component_ref idref="oc-84"/>
            <object_component_ref idref="oc-8a"/>
            <object_component_ref idref="oc-8e"/>
            <object_component_ref idref="oc-93"/>
            <object_component_ref idref="oc-98"/>
            <object_component_ref idref="oc-9d"/>
            <object_component_ref idref="oc-a1"/>
            <object_component_ref idref="oc-a5"/>
            <object_component_ref idref="oc-a9"/>
            <object_component_ref idref="oc-ad"/>
            <object_component_ref idref="oc-b1"/>
            <object_component_ref idref="oc-b6"/>
            <object_component_ref idref="oc-ba"/>
            <object_component_ref idref="oc-bf"/>
            <object_component_ref idref="oc-c3"/>
            <object_component_ref idref="oc-e7"/>
         </contents>
      </logical_group>
      <logical_group id="lg-dd">
         <name>.debug_frame</name>
         <load_address>0x0</load_address>
         <run_address>0x0</run_address>
         <size>0xde3</size>
         <contents>
            <object_component_ref idref="oc-18"/>
            <object_component_ref idref="oc-1e"/>
            <object_component_ref idref="oc-23"/>
            <object_component_ref idref="oc-29"/>
            <object_component_ref idref="oc-2e"/>
            <object_component_ref idref="oc-34"/>
            <object_component_ref idref="oc-39"/>
            <object_component_ref idref="oc-3e"/>
            <object_component_ref idref="oc-44"/>
            <object_component_ref idref="oc-4b"/>
         </contents>
      </logical_group>
      <logical_group id="lg-df">
         <name>.debug_line</name>
         <load_address>0x0</load_address>
         <run_address>0x0</run_address>
         <size>0x1e39</size>
         <contents>
            <object_component_ref idref="oc-19"/>
            <object_component_ref idref="oc-1f"/>
            <object_component_ref idref="oc-24"/>
            <object_component_ref idref="oc-2a"/>
            <object_component_ref idref="oc-2f"/>
            <object_component_ref idref="oc-35"/>
            <object_component_ref idref="oc-3a"/>
            <object_component_ref idref="oc-3f"/>
            <object_component_ref idref="oc-45"/>
            <object_component_ref idref="oc-4c"/>
            <object_component_ref idref="oc-50"/>
            <object_component_ref idref="oc-54"/>
            <object_component_ref idref="oc-58"/>
            <object_component_ref idref="oc-5f"/>
            <object_component_ref idref="oc-63"/>
            <object_component_ref idref="oc-67"/>
            <object_component_ref idref="oc-6b"/>
            <object_component_ref idref="oc-70"/>
            <object_component_ref idref="oc-74"/>
            <object_component_ref idref="oc-78"/>
            <object_component_ref idref="oc-7c"/>
            <object_component_ref idref="oc-80"/>
            <object_component_ref idref="oc-87"/>
            <object_component_ref idref="oc-8b"/>
            <object_component_ref idref="oc-90"/>
            <object_component_ref idref="oc-94"/>
            <object_component_ref idref="oc-9a"/>
            <object_component_ref idref="oc-9e"/>
            <object_component_ref idref="oc-a2"/>
            <object_component_ref idref="oc-a6"/>
            <object_component_ref idref="oc-aa"/>
            <object_component_ref idref="oc-ae"/>
            <object_component_ref idref="oc-b3"/>
            <object_component_ref idref="oc-b7"/>
            <object_component_ref idref="oc-bc"/>
            <object_component_ref idref="oc-c0"/>
            <object_component_ref idref="oc-c5"/>
         </contents>
      </logical_group>
      <logical_group id="lg-e1">
         <name>.debug_abbrev</name>
         <load_address>0x0</load_address>
         <run_address>0x0</run_address>
         <size>0x1f1c</size>
         <contents>
            <object_component_ref idref="oc-1a"/>
            <object_component_ref idref="oc-20"/>
            <object_component_ref idref="oc-25"/>
            <object_component_ref idref="oc-2b"/>
            <object_component_ref idref="oc-30"/>
            <object_component_ref idref="oc-36"/>
            <object_component_ref idref="oc-3b"/>
            <object_component_ref idref="oc-40"/>
            <object_component_ref idref="oc-46"/>
            <object_component_ref idref="oc-4d"/>
            <object_component_ref idref="oc-51"/>
            <object_component_ref idref="oc-55"/>
            <object_component_ref idref="oc-59"/>
            <object_component_ref idref="oc-60"/>
            <object_component_ref idref="oc-64"/>
            <object_component_ref idref="oc-68"/>
            <object_component_ref idref="oc-6c"/>
            <object_component_ref idref="oc-71"/>
            <object_component_ref idref="oc-75"/>
            <object_component_ref idref="oc-79"/>
            <object_component_ref idref="oc-7d"/>
            <object_component_ref idref="oc-81"/>
            <object_component_ref idref="oc-88"/>
            <object_component_ref idref="oc-8c"/>
            <object_component_ref idref="oc-91"/>
            <object_component_ref idref="oc-95"/>
            <object_component_ref idref="oc-9b"/>
            <object_component_ref idref="oc-9f"/>
            <object_component_ref idref="oc-a3"/>
            <object_component_ref idref="oc-a7"/>
            <object_component_ref idref="oc-ab"/>
            <object_component_ref idref="oc-af"/>
            <object_component_ref idref="oc-b4"/>
            <object_component_ref idref="oc-b8"/>
            <object_component_ref idref="oc-bd"/>
            <object_component_ref idref="oc-c1"/>
            <object_component_ref idref="oc-c6"/>
            <object_component_ref idref="oc-e8"/>
         </contents>
      </logical_group>
   </logical_group_list>
   <placement_map>
      <memory_area>
         <name>MMR</name>
         <page_id>0x0</page_id>
         <origin>0x0</origin>
         <length>0xc0</length>
         <used_space>0x0</used_space>
         <unused_space>0xc0</unused_space>
         <attributes>RW</attributes>
         <usage_details>
         </usage_details>
      </memory_area>
      <memory_area>
         <name>DARAM</name>
         <page_id>0x0</page_id>
         <origin>0xc0</origin>
         <length>0xff40</length>
         <used_space>0x3264</used_space>
         <unused_space>0xccdc</unused_space>
         <attributes>RW</attributes>
         <usage_details>
            <allocated_space>
               <start_address>0xc0</start_address>
               <size>0x0</size>
               <logical_group_ref idref="lg-9"/>
            </allocated_space>
            <allocated_space>
               <start_address>0xc0</start_address>
               <size>0x2000</size>
               <logical_group_ref idref="lg-5"/>
            </allocated_space>
            <allocated_space>
               <start_address>0x20c0</start_address>
               <size>0x1000</size>
               <logical_group_ref idref="lg-6"/>
            </allocated_space>
            <allocated_space>
               <start_address>0x30c0</start_address>
               <size>0xa4</size>
               <logical_group_ref idref="lg-3"/>
            </allocated_space>
            <allocated_space>
               <start_address>0x3164</start_address>
               <size>0x70</size>
               <logical_group_ref idref="lg-b"/>
            </allocated_space>
            <allocated_space>
               <start_address>0x31d4</start_address>
               <size>0x50</size>
               <logical_group_ref idref="lg-a"/>
            </allocated_space>
            <available_space>
               <start_address>0x3224</start_address>
               <size>0x4</size>
            </available_space>
            <allocated_space>
               <start_address>0x3228</start_address>
               <size>0x100</size>
               <logical_group_ref idref="lg-2"/>
            </allocated_space>
            <available_space>
               <start_address>0x3328</start_address>
               <size>0xccd8</size>
            </available_space>
         </usage_details>
      </memory_area>
      <memory_area>
         <name>SARAM</name>
         <page_id>0x0</page_id>
         <origin>0x30000</origin>
         <length>0x1e000</length>
         <used_space>0x33dd</used_space>
         <unused_space>0x1ac23</unused_space>
         <attributes>RW</attributes>
         <usage_details>
            <allocated_space>
               <start_address>0x30000</start_address>
               <size>0x33dd</size>
               <logical_group_ref idref="lg-8"/>
            </allocated_space>
            <available_space>
               <start_address>0x333dd</start_address>
               <size>0x1ac23</size>
            </available_space>
         </usage_details>
      </memory_area>
      <memory_area>
         <name>EMIF_CS0</name>
         <page_id>0x0</page_id>
         <origin>0x50000</origin>
         <length>0x7b0000</length>
         <used_space>0x0</used_space>
         <unused_space>0x7b0000</unused_space>
         <attributes>RW</attributes>
         <usage_details>
         </usage_details>
      </memory_area>
      <memory_area>
         <name>EMIF_CS2</name>
         <page_id>0x0</page_id>
         <origin>0x800000</origin>
         <length>0x400000</length>
         <used_space>0x0</used_space>
         <unused_space>0x400000</unused_space>
         <attributes>RW</attributes>
         <usage_details>
         </usage_details>
      </memory_area>
      <memory_area>
         <name>EMIF_CS3</name>
         <page_id>0x0</page_id>
         <origin>0xc00000</origin>
         <length>0x200000</length>
         <used_space>0x0</used_space>
         <unused_space>0x200000</unused_space>
         <attributes>RW</attributes>
         <usage_details>
         </usage_details>
      </memory_area>
      <memory_area>
         <name>EMIF_CS4</name>
         <page_id>0x0</page_id>
         <origin>0xe00000</origin>
         <length>0x100000</length>
         <used_space>0x0</used_space>
         <unused_space>0x100000</unused_space>
         <attributes>RW</attributes>
         <usage_details>
         </usage_details>
      </memory_area>
      <memory_area>
         <name>EMIF_CS5</name>
         <page_id>0x0</page_id>
         <origin>0xf00000</origin>
         <length>0xe0000</length>
         <used_space>0x0</used_space>
         <unused_space>0xe0000</unused_space>
         <attributes>RW</attributes>
         <usage_details>
         </usage_details>
      </memory_area>
      <memory_area>
         <name>SAROM_0</name>
         <page_id>0x0</page_id>
         <origin>0xfe0000</origin>
         <length>0x8000</length>
         <used_space>0x0</used_space>
         <unused_space>0x8000</unused_space>
         <attributes>RX</attributes>
         <usage_details>
         </usage_details>
      </memory_area>
      <memory_area>
         <name>SAROM_1</name>
         <page_id>0x0</page_id>
         <origin>0xfe8000</origin>
         <length>0x8000</length>
         <used_space>0x0</used_space>
         <unused_space>0x8000</unused_space>
         <attributes>RX</attributes>
         <usage_details>
         </usage_details>
      </memory_area>
      <memory_area>
         <name>SAROM_2</name>
         <page_id>0x0</page_id>
         <origin>0xff0000</origin>
         <length>0x8000</length>
         <used_space>0x0</used_space>
         <unused_space>0x8000</unused_space>
         <attributes>RX</attributes>
         <usage_details>
         </usage_details>
      </memory_area>
      <memory_area>
         <name>SAROM_3</name>
         <page_id>0x0</page_id>
         <origin>0xff8000</origin>
         <length>0x8000</length>
         <used_space>0x0</used_space>
         <unused_space>0x8000</unused_space>
         <attributes>RX</attributes>
         <usage_details>
         </usage_details>
      </memory_area>
   </placement_map>
   <symbol_table>
      <symbol id="sm-0">
         <name>$TI_capability$C5500$CallingConvention</name>
         <value>0x2</value>
      </symbol>
      <symbol id="sm-1">
         <name>$TI_capability$C5500$MemoryModel</name>
         <value>0x2</value>
      </symbol>
      <symbol id="sm-2">
         <name>$TI_capability_requires_rev3</name>
         <value>0x1</value>
      </symbol>
      <symbol id="sm-3">
         <name>cinit</name>
         <value>0x31d4</value>
      </symbol>
      <symbol id="sm-4">
         <name>___cinit__</name>
         <value>0x31d4</value>
      </symbol>
      <symbol id="sm-5">
         <name>pinit</name>
         <value>0xffffffff</value>
      </symbol>
      <symbol id="sm-6">
         <name>___pinit__</name>
         <value>0xffffffff</value>
      </symbol>
      <symbol id="sm-7">
         <name>binit</name>
         <value>0xffffffff</value>
      </symbol>
      <symbol id="sm-8">
         <name>___binit__</name>
         <value>0xffffffff</value>
      </symbol>
      <symbol id="sm-9">
         <name>__STACK_SIZE</name>
         <value>0x2000</value>
      </symbol>
      <symbol id="sm-a">
         <name>__STACK_END</name>
         <value>0x20c0</value>
      </symbol>
      <symbol id="sm-b">
         <name>___c_args__</name>
         <value>0xffffffff</value>
      </symbol>
      <symbol id="sm-c">
         <name>__SYSSTACK_SIZE</name>
         <value>0x1000</value>
      </symbol>
      <symbol id="sm-d">
         <name>.text</name>
         <value>0x30000</value>
      </symbol>
      <symbol id="sm-e">
         <name>___text__</name>
         <value>0x30000</value>
      </symbol>
      <symbol id="sm-f">
         <name>etext</name>
         <value>0x333dd</value>
      </symbol>
      <symbol id="sm-10">
         <name>___etext__</name>
         <value>0x333dd</value>
      </symbol>
      <symbol id="sm-11">
         <name>.data</name>
         <value>0xc0</value>
      </symbol>
      <symbol id="sm-12">
         <name>___data__</name>
         <value>0xc0</value>
      </symbol>
      <symbol id="sm-13">
         <name>edata</name>
         <value>0xc0</value>
      </symbol>
      <symbol id="sm-14">
         <name>___edata__</name>
         <value>0xc0</value>
      </symbol>
      <symbol id="sm-15">
         <name>.bss</name>
         <value>0x30c0</value>
      </symbol>
      <symbol id="sm-16">
         <name>___bss__</name>
         <value>0x30c0</value>
      </symbol>
      <symbol id="sm-17">
         <name>end</name>
         <value>0x3164</value>
      </symbol>
      <symbol id="sm-18">
         <name>___end__</name>
         <value>0x3164</value>
      </symbol>
      <symbol id="sm-4e">
         <name>_write_right</name>
         <value>0x32e2d</value>
         <object_component_ref idref="oc-16"/>
      </symbol>
      <symbol id="sm-4f">
         <name>_write_left</name>
         <value>0x32e39</value>
         <object_component_ref idref="oc-16"/>
      </symbol>
      <symbol id="sm-50">
         <name>_read_left</name>
         <value>0x32e1e</value>
         <object_component_ref idref="oc-16"/>
      </symbol>
      <symbol id="sm-51">
         <name>_read_right</name>
         <value>0x32e0f</value>
         <object_component_ref idref="oc-16"/>
      </symbol>
      <symbol id="sm-52">
         <name>_Init_USBSTK5505</name>
         <value>0x32dc5</value>
         <object_component_ref idref="oc-16"/>
      </symbol>
      <symbol id="sm-71">
         <name>_main</name>
         <value>0x32b13</value>
         <object_component_ref idref="oc-1b"/>
      </symbol>
      <symbol id="sm-82">
         <name>_AIC3204_rset</name>
         <value>0x322ca</value>
         <object_component_ref idref="oc-21"/>
      </symbol>
      <symbol id="sm-83">
         <name>_Init_AIC3204</name>
         <value>0x322f4</value>
         <object_component_ref idref="oc-21"/>
      </symbol>
      <symbol id="sm-97">
         <name>_USBSTK5505_I2S_writeRight</name>
         <value>0x32ae5</value>
         <object_component_ref idref="oc-26"/>
      </symbol>
      <symbol id="sm-98">
         <name>_USBSTK5505_I2S_readLeft</name>
         <value>0x32a65</value>
         <object_component_ref idref="oc-26"/>
      </symbol>
      <symbol id="sm-99">
         <name>_USBSTK5505_I2S_readRight</name>
         <value>0x32ac4</value>
         <object_component_ref idref="oc-26"/>
      </symbol>
      <symbol id="sm-9a">
         <name>_USBSTK5505_I2S_close</name>
         <value>0x32b01</value>
         <object_component_ref idref="oc-26"/>
      </symbol>
      <symbol id="sm-9b">
         <name>_USBSTK5505_I2S_writeLeft</name>
         <value>0x32a97</value>
         <object_component_ref idref="oc-26"/>
      </symbol>
      <symbol id="sm-9c">
         <name>_USBSTK5505_I2S_init</name>
         <value>0x32a0c</value>
         <object_component_ref idref="oc-26"/>
      </symbol>
      <symbol id="sm-9d">
         <name>_hI2s</name>
         <value>0x3160</value>
         <object_component_ref idref="oc-27"/>
      </symbol>
      <symbol id="sm-a7">
         <name>_USBSTK5505_I2C_reset</name>
         <value>0x32d6c</value>
         <object_component_ref idref="oc-2c"/>
      </symbol>
      <symbol id="sm-a8">
         <name>_USBSTK5505_I2C_read</name>
         <value>0x32d9d</value>
         <object_component_ref idref="oc-2c"/>
      </symbol>
      <symbol id="sm-a9">
         <name>_USBSTK5505_I2C_write</name>
         <value>0x32d77</value>
         <object_component_ref idref="oc-2c"/>
      </symbol>
      <symbol id="sm-aa">
         <name>_USBSTK5505_I2C_init</name>
         <value>0x32d37</value>
         <object_component_ref idref="oc-2c"/>
      </symbol>
      <symbol id="sm-b6">
         <name>_USBSTK5505_GPIO_setOutput</name>
         <value>0x32e84</value>
         <object_component_ref idref="oc-31"/>
      </symbol>
      <symbol id="sm-b7">
         <name>_USBSTK5505_GPIO_init</name>
         <value>0x32e45</value>
         <object_component_ref idref="oc-31"/>
      </symbol>
      <symbol id="sm-b8">
         <name>_USBSTK5505_GPIO_setDirection</name>
         <value>0x32e60</value>
         <object_component_ref idref="oc-31"/>
      </symbol>
      <symbol id="sm-b9">
         <name>_USBSTK5505_GPIO_getInput</name>
         <value>0x32e9e</value>
         <object_component_ref idref="oc-31"/>
      </symbol>
      <symbol id="sm-ba">
         <name>_GpioObj</name>
         <value>0x3148</value>
         <object_component_ref idref="oc-32"/>
      </symbol>
      <symbol id="sm-bb">
         <name>_hGpio</name>
         <value>0x314c</value>
         <object_component_ref idref="oc-32"/>
      </symbol>
      <symbol id="sm-c9">
         <name>_USBSTK5505_waitusec</name>
         <value>0x331db</value>
         <object_component_ref idref="oc-37"/>
      </symbol>
      <symbol id="sm-ca">
         <name>_USBSTK5505_wait</name>
         <value>0x331a7</value>
         <object_component_ref idref="oc-37"/>
      </symbol>
      <symbol id="sm-cb">
         <name>_USBSTK5505_init</name>
         <value>0x331ed</value>
         <object_component_ref idref="oc-37"/>
      </symbol>
      <symbol id="sm-110">
         <name>_GPIO_write</name>
         <value>0x3180f</value>
         <object_component_ref idref="oc-3c"/>
      </symbol>
      <symbol id="sm-111">
         <name>_GPIO_read</name>
         <value>0x3178c</value>
         <object_component_ref idref="oc-3c"/>
      </symbol>
      <symbol id="sm-112">
         <name>_GPIO_close</name>
         <value>0x3165b</value>
         <object_component_ref idref="oc-3c"/>
      </symbol>
      <symbol id="sm-113">
         <name>_GPIO_enableInt</name>
         <value>0x31a78</value>
         <object_component_ref idref="oc-3c"/>
      </symbol>
      <symbol id="sm-114">
         <name>_GPIO_clearInt</name>
         <value>0x31b02</value>
         <object_component_ref idref="oc-3c"/>
      </symbol>
      <symbol id="sm-115">
         <name>_GPIO_statusBit</name>
         <value>0x31b8e</value>
         <object_component_ref idref="oc-3c"/>
      </symbol>
      <symbol id="sm-116">
         <name>_GPIO_configBit</name>
         <value>0x318b2</value>
         <object_component_ref idref="oc-3c"/>
      </symbol>
      <symbol id="sm-117">
         <name>_GPIO_reset</name>
         <value>0x31c15</value>
         <object_component_ref idref="oc-3c"/>
      </symbol>
      <symbol id="sm-118">
         <name>_GPIO_getConfig</name>
         <value>0x31704</value>
         <object_component_ref idref="oc-3c"/>
      </symbol>
      <symbol id="sm-119">
         <name>_GPIO_disableInt</name>
         <value>0x319fa</value>
         <object_component_ref idref="oc-3c"/>
      </symbol>
      <symbol id="sm-11a">
         <name>_GPIO_config</name>
         <value>0x3167f</value>
         <object_component_ref idref="oc-3c"/>
      </symbol>
      <symbol id="sm-11b">
         <name>_GPIO_open</name>
         <value>0x31617</value>
         <object_component_ref idref="oc-3c"/>
      </symbol>
      <symbol id="sm-198">
         <name>_I2C_eventEnable</name>
         <value>0x30940</value>
         <object_component_ref idref="oc-41"/>
      </symbol>
      <symbol id="sm-199">
         <name>_I2C_setCallback</name>
         <value>0x30b93</value>
         <object_component_ref idref="oc-41"/>
      </symbol>
      <symbol id="sm-19a">
         <name>_I2C_init</name>
         <value>0x30000</value>
         <object_component_ref idref="oc-41"/>
      </symbol>
      <symbol id="sm-19b">
         <name>_I2C_config</name>
         <value>0x300a9</value>
         <object_component_ref idref="oc-41"/>
      </symbol>
      <symbol id="sm-19c">
         <name>_gI2cObj</name>
         <value>0x3114</value>
         <object_component_ref idref="oc-42"/>
      </symbol>
      <symbol id="sm-19d">
         <name>_I2C_getConfig</name>
         <value>0x3020e</value>
         <object_component_ref idref="oc-41"/>
      </symbol>
      <symbol id="sm-19e">
         <name>_I2C_setup</name>
         <value>0x302e4</value>
         <object_component_ref idref="oc-41"/>
      </symbol>
      <symbol id="sm-19f">
         <name>_I2C_write</name>
         <value>0x304de</value>
         <object_component_ref idref="oc-41"/>
      </symbol>
      <symbol id="sm-1a0">
         <name>_I2C_read</name>
         <value>0x30722</value>
         <object_component_ref idref="oc-41"/>
      </symbol>
      <symbol id="sm-1a1">
         <name>_I2C_eventDisable</name>
         <value>0x30a74</value>
         <object_component_ref idref="oc-41"/>
      </symbol>
      <symbol id="sm-1a2">
         <name>_I2C_getEventId</name>
         <value>0x30c20</value>
         <object_component_ref idref="oc-41"/>
      </symbol>
      <symbol id="sm-1a3">
         <name>_i2cHandle</name>
         <value>0x3134</value>
         <object_component_ref idref="oc-42"/>
      </symbol>
      <symbol id="sm-248">
         <name>_I2S_write</name>
         <value>0x313cb</value>
         <object_component_ref idref="oc-47"/>
      </symbol>
      <symbol id="sm-249">
         <name>_I2S_read</name>
         <value>0x31111</value>
         <object_component_ref idref="oc-47"/>
      </symbol>
      <symbol id="sm-24a">
         <name>_I2S_close</name>
         <value>0x31066</value>
         <object_component_ref idref="oc-47"/>
      </symbol>
      <symbol id="sm-24b">
         <name>_ouError</name>
         <value>0x3112</value>
         <object_component_ref idref="oc-48"/>
      </symbol>
      <symbol id="sm-24c">
         <name>_I2S_reset</name>
         <value>0x31521</value>
         <object_component_ref idref="oc-47"/>
      </symbol>
      <symbol id="sm-24d">
         <name>_I2S_setup</name>
         <value>0x30d7f</value>
         <object_component_ref idref="oc-47"/>
      </symbol>
      <symbol id="sm-24e">
         <name>_fsError</name>
         <value>0x3110</value>
         <object_component_ref idref="oc-48"/>
      </symbol>
      <symbol id="sm-24f">
         <name>_I2S_open</name>
         <value>0x30c3c</value>
         <object_component_ref idref="oc-47"/>
      </symbol>
      <symbol id="sm-250">
         <name>_I2S_transEnable</name>
         <value>0x315cc</value>
         <object_component_ref idref="oc-47"/>
      </symbol>
      <symbol id="sm-25c">
         <name>__sysstack</name>
         <value>0x20c0</value>
         <object_component_ref idref="oc-c7"/>
      </symbol>
      <symbol id="sm-25d">
         <name>_c_int00</name>
         <value>0x33312</value>
         <object_component_ref idref="oc-14"/>
      </symbol>
      <symbol id="sm-25e">
         <name>__stack</name>
         <value>0xc0</value>
         <object_component_ref idref="oc-4e"/>
      </symbol>
      <symbol id="sm-26a">
         <name>__divd</name>
         <value>0x31ca4</value>
         <object_component_ref idref="oc-52"/>
      </symbol>
      <symbol id="sm-275">
         <name>__divul</name>
         <value>0x32c96</value>
         <object_component_ref idref="oc-56"/>
      </symbol>
      <symbol id="sm-285">
         <name>C$$EXIT</name>
         <value>0x333d4</value>
         <object_component_ref idref="oc-5e"/>
      </symbol>
      <symbol id="sm-286">
         <name>_exit</name>
         <value>0x332d4</value>
         <object_component_ref idref="oc-5a"/>
      </symbol>
      <symbol id="sm-287">
         <name>_abort</name>
         <value>0x333d3</value>
         <object_component_ref idref="oc-5e"/>
      </symbol>
      <symbol id="sm-288">
         <name>__cleanup_ptr</name>
         <value>0x3158</value>
         <object_component_ref idref="oc-5b"/>
      </symbol>
      <symbol id="sm-289">
         <name>__dtors_ptr</name>
         <value>0x315c</value>
         <object_component_ref idref="oc-5b"/>
      </symbol>
      <symbol id="sm-293">
         <name>__fixdi</name>
         <value>0x33346</value>
         <object_component_ref idref="oc-61"/>
      </symbol>
      <symbol id="sm-29d">
         <name>__fixdli</name>
         <value>0x33017</value>
         <object_component_ref idref="oc-65"/>
      </symbol>
      <symbol id="sm-2a7">
         <name>__fltud</name>
         <value>0x333b9</value>
         <object_component_ref idref="oc-69"/>
      </symbol>
      <symbol id="sm-2b3">
         <name>__fltuld</name>
         <value>0x3314c</value>
         <object_component_ref idref="oc-6d"/>
      </symbol>
      <symbol id="sm-2bd">
         <name>__frcmpyd_div</name>
         <value>0x32f32</value>
         <object_component_ref idref="oc-72"/>
      </symbol>
      <symbol id="sm-2c5">
         <name>__mpyli</name>
         <value>0x33384</value>
         <object_component_ref idref="oc-76"/>
      </symbol>
      <symbol id="sm-2c6">
         <name>I$$LMPY</name>
         <value>0x33384</value>
         <object_component_ref idref="oc-76"/>
      </symbol>
      <symbol id="sm-2d0">
         <name>__mpyd</name>
         <value>0x328c0</value>
         <object_component_ref idref="oc-7a"/>
      </symbol>
      <symbol id="sm-2db">
         <name>__remul</name>
         <value>0x32fa5</value>
         <object_component_ref idref="oc-7e"/>
      </symbol>
      <symbol id="sm-2ec">
         <name>_sin</name>
         <value>0x324e4</value>
         <object_component_ref idref="oc-82"/>
      </symbol>
      <symbol id="sm-2f6">
         <name>__subd</name>
         <value>0x33370</value>
         <object_component_ref idref="oc-89"/>
      </symbol>
      <symbol id="sm-302">
         <name>__trunc</name>
         <value>0x33293</value>
         <object_component_ref idref="oc-8d"/>
      </symbol>
      <symbol id="sm-30c">
         <name>_Reset</name>
         <value>0x3228</value>
         <object_component_ref idref="oc-15"/>
      </symbol>
      <symbol id="sm-31a">
         <name>__unlock</name>
         <value>0x3154</value>
         <object_component_ref idref="oc-97"/>
      </symbol>
      <symbol id="sm-31b">
         <name>__lock</name>
         <value>0x3150</value>
         <object_component_ref idref="oc-97"/>
      </symbol>
      <symbol id="sm-31c">
         <name>__register_lock</name>
         <value>0x3339f</value>
         <object_component_ref idref="oc-96"/>
      </symbol>
      <symbol id="sm-31d">
         <name>__nop</name>
         <value>0x333a7</value>
         <object_component_ref idref="oc-96"/>
      </symbol>
      <symbol id="sm-31e">
         <name>__register_unlock</name>
         <value>0x33397</value>
         <object_component_ref idref="oc-96"/>
      </symbol>
      <symbol id="sm-328">
         <name>__addd</name>
         <value>0x32070</value>
         <object_component_ref idref="oc-9c"/>
      </symbol>
      <symbol id="sm-332">
         <name>__args_main</name>
         <value>0x33248</value>
         <object_component_ref idref="oc-a0"/>
      </symbol>
      <symbol id="sm-333">
         <name>__TI_args_main</name>
         <value>0x1</value>
      </symbol>
      <symbol id="sm-33b">
         <name>_auto_init</name>
         <value>0x331fb</value>
         <object_component_ref idref="oc-a4"/>
      </symbol>
      <symbol id="sm-345">
         <name>__eqld</name>
         <value>0x32834</value>
         <object_component_ref idref="oc-a8"/>
      </symbol>
      <symbol id="sm-346">
         <name>__cmpd</name>
         <value>0x32868</value>
         <object_component_ref idref="oc-a8"/>
      </symbol>
      <symbol id="sm-347">
         <name>__neqd</name>
         <value>0x326d6</value>
         <object_component_ref idref="oc-a8"/>
      </symbol>
      <symbol id="sm-348">
         <name>__gtrd</name>
         <value>0x3279f</value>
         <object_component_ref idref="oc-a8"/>
      </symbol>
      <symbol id="sm-349">
         <name>__geqd</name>
         <value>0x327ea</value>
         <object_component_ref idref="oc-a8"/>
      </symbol>
      <symbol id="sm-34a">
         <name>__leqd</name>
         <value>0x32752</value>
         <object_component_ref idref="oc-a8"/>
      </symbol>
      <symbol id="sm-34b">
         <name>__lssd</name>
         <value>0x3270a</value>
         <object_component_ref idref="oc-a8"/>
      </symbol>
      <symbol id="sm-355">
         <name>__fltid</name>
         <value>0x333c7</value>
         <object_component_ref idref="oc-ac"/>
      </symbol>
      <symbol id="sm-361">
         <name>__fltlid</name>
         <value>0x33086</value>
         <object_component_ref idref="oc-b0"/>
      </symbol>
      <symbol id="sm-36b">
         <name>__frcmpyd</name>
         <value>0x32ebc</value>
         <object_component_ref idref="oc-b5"/>
      </symbol>
      <symbol id="sm-377">
         <name>_modf</name>
         <value>0x32bd7</value>
         <object_component_ref idref="oc-b9"/>
      </symbol>
      <symbol id="sm-381">
         <name>__negd</name>
         <value>0x333a9</value>
         <object_component_ref idref="oc-be"/>
      </symbol>
      <symbol id="sm-38d">
         <name>__nround</name>
         <value>0x330ed</value>
         <object_component_ref idref="oc-c2"/>
      </symbol>
   </symbol_table>
</link_info>
