<?xml version="1.0"?>
<link_info>
   <banner>TMS320C55x Linker PC v4.4.1</banner>
   <copyright>Copyright (c) 1996-2012 Texas Instruments Incorporated</copyright>
   <link_time>0x573e601e</link_time>
   <output_file>ELEN133_Lab7_IIR.out</output_file>
   <entry_point>
      <name>_c_int00</name>
      <address>0x3297c</address>
   </entry_point>
   <input_file_list>
      <input_file id="fl-2">
         <path>.\</path>
         <kind>object</kind>
         <file>periph.obj</file>
         <name>periph.obj</name>
      </input_file>
      <input_file id="fl-3">
         <path>.\</path>
         <kind>object</kind>
         <file>main.obj</file>
         <name>main.obj</name>
      </input_file>
      <input_file id="fl-4">
         <path>.\</path>
         <kind>object</kind>
         <file>initAIC3204.obj</file>
         <name>initAIC3204.obj</name>
      </input_file>
      <input_file id="fl-9">
         <path>..\lib\</path>
         <kind>archive</kind>
         <file>USBSTK_bsl.lib</file>
         <name>usbstk5505_i2s.obj</name>
      </input_file>
      <input_file id="fl-a">
         <path>..\lib\</path>
         <kind>archive</kind>
         <file>USBSTK_bsl.lib</file>
         <name>usbstk5505_i2c.obj</name>
      </input_file>
      <input_file id="fl-b">
         <path>..\lib\</path>
         <kind>archive</kind>
         <file>USBSTK_bsl.lib</file>
         <name>usbstk5505_gpio.obj</name>
      </input_file>
      <input_file id="fl-c">
         <path>..\lib\</path>
         <kind>archive</kind>
         <file>USBSTK_bsl.lib</file>
         <name>usbstk5505.obj</name>
      </input_file>
      <input_file id="fl-d">
         <path>..\lib\</path>
         <kind>archive</kind>
         <file>C55xx_csl.lib</file>
         <name>csl_gpio.obj</name>
      </input_file>
      <input_file id="fl-e">
         <path>..\lib\</path>
         <kind>archive</kind>
         <file>C55xx_csl.lib</file>
         <name>csl_i2c.obj</name>
      </input_file>
      <input_file id="fl-f">
         <path>..\lib\</path>
         <kind>archive</kind>
         <file>C55xx_csl.lib</file>
         <name>csl_i2s.obj</name>
      </input_file>
      <input_file id="fl-24">
         <path>C:\Apps\ti\ccsv5\tools\compiler\c5500_4.4.1\lib\</path>
         <kind>archive</kind>
         <file>rts55x.lib</file>
         <name>addd.obj</name>
      </input_file>
      <input_file id="fl-25">
         <path>C:\Apps\ti\ccsv5\tools\compiler\c5500_4.4.1\lib\</path>
         <kind>archive</kind>
         <file>rts55x.lib</file>
         <name>boot.obj</name>
      </input_file>
      <input_file id="fl-26">
         <path>C:\Apps\ti\ccsv5\tools\compiler\c5500_4.4.1\lib\</path>
         <kind>archive</kind>
         <file>rts55x.lib</file>
         <name>divul.obj</name>
      </input_file>
      <input_file id="fl-27">
         <path>C:\Apps\ti\ccsv5\tools\compiler\c5500_4.4.1\lib\</path>
         <kind>archive</kind>
         <file>rts55x.lib</file>
         <name>exit.obj</name>
      </input_file>
      <input_file id="fl-28">
         <path>C:\Apps\ti\ccsv5\tools\compiler\c5500_4.4.1\lib\</path>
         <kind>archive</kind>
         <file>rts55x.lib</file>
         <name>fixdi.obj</name>
      </input_file>
      <input_file id="fl-29">
         <path>C:\Apps\ti\ccsv5\tools\compiler\c5500_4.4.1\lib\</path>
         <kind>archive</kind>
         <file>rts55x.lib</file>
         <name>fixdli.obj</name>
      </input_file>
      <input_file id="fl-2a">
         <path>C:\Apps\ti\ccsv5\tools\compiler\c5500_4.4.1\lib\</path>
         <kind>archive</kind>
         <file>rts55x.lib</file>
         <name>fltid.obj</name>
      </input_file>
      <input_file id="fl-2b">
         <path>C:\Apps\ti\ccsv5\tools\compiler\c5500_4.4.1\lib\</path>
         <kind>archive</kind>
         <file>rts55x.lib</file>
         <name>fltlid.obj</name>
      </input_file>
      <input_file id="fl-2c">
         <path>C:\Apps\ti\ccsv5\tools\compiler\c5500_4.4.1\lib\</path>
         <kind>archive</kind>
         <file>rts55x.lib</file>
         <name>lmpy.obj</name>
      </input_file>
      <input_file id="fl-2d">
         <path>C:\Apps\ti\ccsv5\tools\compiler\c5500_4.4.1\lib\</path>
         <kind>archive</kind>
         <file>rts55x.lib</file>
         <name>mpyd.obj</name>
      </input_file>
      <input_file id="fl-2e">
         <path>C:\Apps\ti\ccsv5\tools\compiler\c5500_4.4.1\lib\</path>
         <kind>archive</kind>
         <file>rts55x.lib</file>
         <name>remul.obj</name>
      </input_file>
      <input_file id="fl-2f">
         <path>C:\Apps\ti\ccsv5\tools\compiler\c5500_4.4.1\lib\</path>
         <kind>archive</kind>
         <file>rts55x.lib</file>
         <name>subd.obj</name>
      </input_file>
      <input_file id="fl-30">
         <path>C:\Apps\ti\ccsv5\tools\compiler\c5500_4.4.1\lib\</path>
         <kind>archive</kind>
         <file>rts55x.lib</file>
         <name>vectors.obj</name>
      </input_file>
      <input_file id="fl-31">
         <path>C:\Apps\ti\ccsv5\tools\compiler\c5500_4.4.1\lib\</path>
         <kind>archive</kind>
         <file>rts55x.lib</file>
         <name>_lock.obj</name>
      </input_file>
      <input_file id="fl-32">
         <path>C:\Apps\ti\ccsv5\tools\compiler\c5500_4.4.1\lib\</path>
         <kind>archive</kind>
         <file>rts55x.lib</file>
         <name>args_main.obj</name>
      </input_file>
      <input_file id="fl-33">
         <path>C:\Apps\ti\ccsv5\tools\compiler\c5500_4.4.1\lib\</path>
         <kind>archive</kind>
         <file>rts55x.lib</file>
         <name>autoinit.obj</name>
      </input_file>
      <input_file id="fl-34">
         <path>C:\Apps\ti\ccsv5\tools\compiler\c5500_4.4.1\lib\</path>
         <kind>archive</kind>
         <file>rts55x.lib</file>
         <name>frcmpyd.obj</name>
      </input_file>
   </input_file_list>
   <object_component_list>
      <object_component id="oc-15">
         <name>vectors</name>
         <load_address>0x31d8</load_address>
         <run_address>0x31d8</run_address>
         <size>0x100</size>
         <input_file_ref idref="fl-30"/>
      </object_component>
      <object_component id="oc-1c">
         <name>.bss</name>
         <uninitialized>true</uninitialized>
         <run_address>0x3138</run_address>
         <size>0x18</size>
         <input_file_ref idref="fl-3"/>
      </object_component>
      <object_component id="oc-29">
         <name>.bss</name>
         <uninitialized>true</uninitialized>
         <run_address>0x3168</run_address>
         <size>0x4</size>
         <input_file_ref idref="fl-9"/>
      </object_component>
      <object_component id="oc-34">
         <name>.bss</name>
         <uninitialized>true</uninitialized>
         <run_address>0x3150</run_address>
         <size>0x8</size>
         <input_file_ref idref="fl-b"/>
      </object_component>
      <object_component id="oc-44">
         <name>.bss</name>
         <uninitialized>true</uninitialized>
         <run_address>0x3114</run_address>
         <size>0x24</size>
         <input_file_ref idref="fl-e"/>
      </object_component>
      <object_component id="oc-4a">
         <name>.bss</name>
         <uninitialized>true</uninitialized>
         <run_address>0x30c0</run_address>
         <size>0x54</size>
         <input_file_ref idref="fl-f"/>
      </object_component>
      <object_component id="oc-5d">
         <name>.bss</name>
         <uninitialized>true</uninitialized>
         <run_address>0x3160</run_address>
         <size>0x8</size>
         <input_file_ref idref="fl-27"/>
      </object_component>
      <object_component id="oc-89">
         <name>.bss</name>
         <uninitialized>true</uninitialized>
         <run_address>0x3158</run_address>
         <size>0x8</size>
         <input_file_ref idref="fl-31"/>
      </object_component>
      <object_component id="oc-54">
         <name>.stack</name>
         <uninitialized>true</uninitialized>
         <run_address>0xc0</run_address>
         <size>0x0</size>
         <input_file_ref idref="fl-25"/>
      </object_component>
      <object_component id="oc-b6">
         <name>.stack</name>
         <uninitialized>true</uninitialized>
         <run_address>0xc0</run_address>
         <size>0x0</size>
      </object_component>
      <object_component id="oc-9a">
         <name>.sysstack</name>
         <uninitialized>true</uninitialized>
         <run_address>0x20c0</run_address>
         <size>0x0</size>
         <input_file_ref idref="fl-25"/>
      </object_component>
      <object_component id="oc-b7">
         <name>.sysstack</name>
         <uninitialized>true</uninitialized>
         <run_address>0x20c0</run_address>
         <size>0x0</size>
      </object_component>
      <object_component id="oc-43">
         <name>.text</name>
         <load_address>0x30000</load_address>
         <run_address>0x30000</run_address>
         <size>0xc3c</size>
         <input_file_ref idref="fl-e"/>
      </object_component>
      <object_component id="oc-49">
         <name>.text</name>
         <load_address>0x30c3c</load_address>
         <run_address>0x30c3c</run_address>
         <size>0x9db</size>
         <input_file_ref idref="fl-f"/>
      </object_component>
      <object_component id="oc-3e">
         <name>.text</name>
         <load_address>0x31617</load_address>
         <run_address>0x31617</run_address>
         <size>0x68d</size>
         <input_file_ref idref="fl-d"/>
      </object_component>
      <object_component id="oc-50">
         <name>.text</name>
         <load_address>0x31ca4</load_address>
         <run_address>0x31ca4</run_address>
         <size>0x25a</size>
         <input_file_ref idref="fl-24"/>
      </object_component>
      <object_component id="oc-23">
         <name>.text</name>
         <load_address>0x31efe</load_address>
         <run_address>0x31efe</run_address>
         <size>0x21a</size>
         <input_file_ref idref="fl-4"/>
      </object_component>
      <object_component id="oc-78">
         <name>.text</name>
         <load_address>0x32118</load_address>
         <run_address>0x32118</run_address>
         <size>0x14c</size>
         <input_file_ref idref="fl-2d"/>
      </object_component>
      <object_component id="oc-28">
         <name>.text</name>
         <load_address>0x32264</load_address>
         <run_address>0x32264</run_address>
         <size>0x107</size>
         <input_file_ref idref="fl-9"/>
      </object_component>
      <object_component id="oc-1b">
         <name>.text</name>
         <load_address>0x3236b</load_address>
         <run_address>0x3236b</run_address>
         <size>0x103</size>
         <input_file_ref idref="fl-3"/>
      </object_component>
      <object_component id="oc-58">
         <name>.text</name>
         <load_address>0x3246e</load_address>
         <run_address>0x3246e</run_address>
         <size>0xa1</size>
         <input_file_ref idref="fl-26"/>
      </object_component>
      <object_component id="oc-2e">
         <name>.text</name>
         <load_address>0x3250f</load_address>
         <run_address>0x3250f</run_address>
         <size>0x8e</size>
         <input_file_ref idref="fl-a"/>
      </object_component>
      <object_component id="oc-16">
         <name>.text</name>
         <load_address>0x3259d</load_address>
         <run_address>0x3259d</run_address>
         <size>0x80</size>
         <input_file_ref idref="fl-2"/>
      </object_component>
      <object_component id="oc-33">
         <name>.text</name>
         <load_address>0x3261d</load_address>
         <run_address>0x3261d</run_address>
         <size>0x77</size>
         <input_file_ref idref="fl-b"/>
      </object_component>
      <object_component id="oc-96">
         <name>.text</name>
         <load_address>0x32694</load_address>
         <run_address>0x32694</run_address>
         <size>0x76</size>
         <input_file_ref idref="fl-34"/>
      </object_component>
      <object_component id="oc-7c">
         <name>.text</name>
         <load_address>0x3270a</load_address>
         <run_address>0x3270a</run_address>
         <size>0x72</size>
         <input_file_ref idref="fl-2e"/>
      </object_component>
      <object_component id="oc-67">
         <name>.text</name>
         <load_address>0x3277c</load_address>
         <run_address>0x3277c</run_address>
         <size>0x6f</size>
         <input_file_ref idref="fl-29"/>
      </object_component>
      <object_component id="oc-6f">
         <name>.text</name>
         <load_address>0x327eb</load_address>
         <run_address>0x327eb</run_address>
         <size>0x67</size>
         <input_file_ref idref="fl-2b"/>
      </object_component>
      <object_component id="oc-39">
         <name>.text</name>
         <load_address>0x32852</load_address>
         <run_address>0x32852</run_address>
         <size>0x54</size>
         <input_file_ref idref="fl-c"/>
      </object_component>
      <object_component id="oc-92">
         <name>.text</name>
         <load_address>0x328a6</load_address>
         <run_address>0x328a6</run_address>
         <size>0x4d</size>
         <input_file_ref idref="fl-33"/>
      </object_component>
      <object_component id="oc-8e">
         <name>.text</name>
         <load_address>0x328f3</load_address>
         <run_address>0x328f3</run_address>
         <size>0x4b</size>
         <input_file_ref idref="fl-32"/>
      </object_component>
      <object_component id="oc-5c">
         <name>.text</name>
         <load_address>0x3293e</load_address>
         <run_address>0x3293e</run_address>
         <size>0x3e</size>
         <input_file_ref idref="fl-27"/>
      </object_component>
      <object_component id="oc-14">
         <name>.text</name>
         <load_address>0x3297c</load_address>
         <run_address>0x3297c</run_address>
         <size>0x34</size>
         <input_file_ref idref="fl-25"/>
      </object_component>
      <object_component id="oc-63">
         <name>.text</name>
         <load_address>0x329b0</load_address>
         <run_address>0x329b0</run_address>
         <size>0x2a</size>
         <input_file_ref idref="fl-28"/>
      </object_component>
      <object_component id="oc-80">
         <name>.text</name>
         <load_address>0x329da</load_address>
         <run_address>0x329da</run_address>
         <size>0x14</size>
         <input_file_ref idref="fl-2f"/>
      </object_component>
      <object_component id="oc-74">
         <name>.text</name>
         <load_address>0x329ee</load_address>
         <run_address>0x329ee</run_address>
         <size>0x13</size>
         <input_file_ref idref="fl-2c"/>
      </object_component>
      <object_component id="oc-88">
         <name>.text</name>
         <load_address>0x32a01</load_address>
         <run_address>0x32a01</run_address>
         <size>0x12</size>
         <input_file_ref idref="fl-31"/>
      </object_component>
      <object_component id="oc-6b">
         <name>.text</name>
         <load_address>0x32a13</load_address>
         <run_address>0x32a13</run_address>
         <size>0xc</size>
         <input_file_ref idref="fl-2a"/>
      </object_component>
      <object_component id="oc-60">
         <name>.text:CIO_breakpoint</name>
         <load_address>0x32a1f</load_address>
         <run_address>0x32a1f</run_address>
         <size>0x7</size>
         <input_file_ref idref="fl-27"/>
      </object_component>
      <object_component id="oc-84">
         <name>.text</name>
         <load_address>0x32a26</load_address>
         <run_address>0x32a26</run_address>
         <size>0x2</size>
         <input_file_ref idref="fl-30"/>
      </object_component>
      <object_component id="oc-1e">
         <name>.cinit</name>
         <load_address>0x316c</load_address>
         <run_address>0x316c</run_address>
         <size>0x24</size>
         <input_file_ref idref="fl-3"/>
      </object_component>
      <object_component id="oc-8b">
         <name>.cinit</name>
         <load_address>0x3190</load_address>
         <run_address>0x3190</run_address>
         <size>0x14</size>
         <input_file_ref idref="fl-31"/>
      </object_component>
      <object_component id="oc-5f">
         <name>.cinit</name>
         <load_address>0x31a4</load_address>
         <run_address>0x31a4</run_address>
         <size>0x14</size>
         <input_file_ref idref="fl-27"/>
      </object_component>
      <object_component id="oc-4c">
         <name>.cinit</name>
         <load_address>0x31b8</load_address>
         <run_address>0x31b8</run_address>
         <size>0x10</size>
         <input_file_ref idref="fl-f"/>
      </object_component>
      <object_component id="oc-1f">
         <name>.const</name>
         <load_address>0x31cc</load_address>
         <run_address>0x31cc</run_address>
         <size>0x8</size>
         <input_file_ref idref="fl-3"/>
      </object_component>
      <object_component id="oc-71">
         <name>.const</name>
         <load_address>0x31d4</load_address>
         <run_address>0x31d4</run_address>
         <size>0x4</size>
         <input_file_ref idref="fl-2b"/>
      </object_component>
      <object_component id="oc-17">
         <name>.debug_info</name>
         <load_address>0x0</load_address>
         <run_address>0x0</run_address>
         <size>0x1079</size>
         <input_file_ref idref="fl-2"/>
      </object_component>
      <object_component id="oc-1d">
         <name>.debug_info</name>
         <load_address>0x1079</load_address>
         <run_address>0x1079</run_address>
         <size>0x7a3</size>
         <input_file_ref idref="fl-3"/>
      </object_component>
      <object_component id="oc-24">
         <name>.debug_info</name>
         <load_address>0x181c</load_address>
         <run_address>0x181c</run_address>
         <size>0xac4</size>
         <input_file_ref idref="fl-4"/>
      </object_component>
      <object_component id="oc-2a">
         <name>.debug_info</name>
         <load_address>0x22e0</load_address>
         <run_address>0x22e0</run_address>
         <size>0x14ef</size>
         <input_file_ref idref="fl-9"/>
      </object_component>
      <object_component id="oc-2f">
         <name>.debug_info</name>
         <load_address>0x37cf</load_address>
         <run_address>0x37cf</run_address>
         <size>0xa21</size>
         <input_file_ref idref="fl-a"/>
      </object_component>
      <object_component id="oc-35">
         <name>.debug_info</name>
         <load_address>0x41f0</load_address>
         <run_address>0x41f0</run_address>
         <size>0xede</size>
         <input_file_ref idref="fl-b"/>
      </object_component>
      <object_component id="oc-3a">
         <name>.debug_info</name>
         <load_address>0x50ce</load_address>
         <run_address>0x50ce</run_address>
         <size>0xc69</size>
         <input_file_ref idref="fl-c"/>
      </object_component>
      <object_component id="oc-3f">
         <name>.debug_info</name>
         <load_address>0x5d37</load_address>
         <run_address>0x5d37</run_address>
         <size>0x699c</size>
         <input_file_ref idref="fl-d"/>
      </object_component>
      <object_component id="oc-45">
         <name>.debug_info</name>
         <load_address>0xc6d3</load_address>
         <run_address>0xc6d3</run_address>
         <size>0x7053</size>
         <input_file_ref idref="fl-e"/>
      </object_component>
      <object_component id="oc-4b">
         <name>.debug_info</name>
         <load_address>0x13726</load_address>
         <run_address>0x13726</run_address>
         <size>0x6e6d</size>
         <input_file_ref idref="fl-f"/>
      </object_component>
      <object_component id="oc-51">
         <name>.debug_info</name>
         <load_address>0x1a593</load_address>
         <run_address>0x1a593</run_address>
         <size>0x5ab</size>
         <input_file_ref idref="fl-24"/>
      </object_component>
      <object_component id="oc-55">
         <name>.debug_info</name>
         <load_address>0x1ab3e</load_address>
         <run_address>0x1ab3e</run_address>
         <size>0xe8</size>
         <input_file_ref idref="fl-25"/>
      </object_component>
      <object_component id="oc-59">
         <name>.debug_info</name>
         <load_address>0x1ac26</load_address>
         <run_address>0x1ac26</run_address>
         <size>0x534</size>
         <input_file_ref idref="fl-26"/>
      </object_component>
      <object_component id="oc-5e">
         <name>.debug_info</name>
         <load_address>0x1b15a</load_address>
         <run_address>0x1b15a</run_address>
         <size>0x5fb</size>
         <input_file_ref idref="fl-27"/>
      </object_component>
      <object_component id="oc-64">
         <name>.debug_info</name>
         <load_address>0x1b755</load_address>
         <run_address>0x1b755</run_address>
         <size>0x4cf</size>
         <input_file_ref idref="fl-28"/>
      </object_component>
      <object_component id="oc-68">
         <name>.debug_info</name>
         <load_address>0x1bc24</load_address>
         <run_address>0x1bc24</run_address>
         <size>0x534</size>
         <input_file_ref idref="fl-29"/>
      </object_component>
      <object_component id="oc-6c">
         <name>.debug_info</name>
         <load_address>0x1c158</load_address>
         <run_address>0x1c158</run_address>
         <size>0x4cf</size>
         <input_file_ref idref="fl-2a"/>
      </object_component>
      <object_component id="oc-70">
         <name>.debug_info</name>
         <load_address>0x1c627</load_address>
         <run_address>0x1c627</run_address>
         <size>0x549</size>
         <input_file_ref idref="fl-2b"/>
      </object_component>
      <object_component id="oc-75">
         <name>.debug_info</name>
         <load_address>0x1cb70</load_address>
         <run_address>0x1cb70</run_address>
         <size>0xbd</size>
         <input_file_ref idref="fl-2c"/>
      </object_component>
      <object_component id="oc-79">
         <name>.debug_info</name>
         <load_address>0x1cc2d</load_address>
         <run_address>0x1cc2d</run_address>
         <size>0x55b</size>
         <input_file_ref idref="fl-2d"/>
      </object_component>
      <object_component id="oc-7d">
         <name>.debug_info</name>
         <load_address>0x1d188</load_address>
         <run_address>0x1d188</run_address>
         <size>0x534</size>
         <input_file_ref idref="fl-2e"/>
      </object_component>
      <object_component id="oc-81">
         <name>.debug_info</name>
         <load_address>0x1d6bc</load_address>
         <run_address>0x1d6bc</run_address>
         <size>0x4de</size>
         <input_file_ref idref="fl-2f"/>
      </object_component>
      <object_component id="oc-85">
         <name>.debug_info</name>
         <load_address>0x1db9a</load_address>
         <run_address>0x1db9a</run_address>
         <size>0xbc</size>
         <input_file_ref idref="fl-30"/>
      </object_component>
      <object_component id="oc-8a">
         <name>.debug_info</name>
         <load_address>0x1dc56</load_address>
         <run_address>0x1dc56</run_address>
         <size>0x5bc</size>
         <input_file_ref idref="fl-31"/>
      </object_component>
      <object_component id="oc-8f">
         <name>.debug_info</name>
         <load_address>0x1e212</load_address>
         <run_address>0x1e212</run_address>
         <size>0x586</size>
         <input_file_ref idref="fl-32"/>
      </object_component>
      <object_component id="oc-93">
         <name>.debug_info</name>
         <load_address>0x1e798</load_address>
         <run_address>0x1e798</run_address>
         <size>0xcd</size>
         <input_file_ref idref="fl-33"/>
      </object_component>
      <object_component id="oc-97">
         <name>.debug_info</name>
         <load_address>0x1e865</load_address>
         <run_address>0x1e865</run_address>
         <size>0x4d2</size>
         <input_file_ref idref="fl-34"/>
      </object_component>
      <object_component id="oc-b9">
         <name>.debug_info</name>
         <load_address>0x1ed37</load_address>
         <run_address>0x1ed37</run_address>
         <size>0x6e</size>
      </object_component>
      <object_component id="oc-18">
         <name>.debug_frame</name>
         <load_address>0x0</load_address>
         <run_address>0x0</run_address>
         <size>0x155</size>
         <input_file_ref idref="fl-2"/>
      </object_component>
      <object_component id="oc-20">
         <name>.debug_frame</name>
         <load_address>0x155</load_address>
         <run_address>0x155</run_address>
         <size>0xe2</size>
         <input_file_ref idref="fl-3"/>
      </object_component>
      <object_component id="oc-25">
         <name>.debug_frame</name>
         <load_address>0x237</load_address>
         <run_address>0x237</run_address>
         <size>0x101</size>
         <input_file_ref idref="fl-4"/>
      </object_component>
      <object_component id="oc-2b">
         <name>.debug_frame</name>
         <load_address>0x338</load_address>
         <run_address>0x338</run_address>
         <size>0x171</size>
         <input_file_ref idref="fl-9"/>
      </object_component>
      <object_component id="oc-30">
         <name>.debug_frame</name>
         <load_address>0x4a9</load_address>
         <run_address>0x4a9</run_address>
         <size>0x138</size>
         <input_file_ref idref="fl-a"/>
      </object_component>
      <object_component id="oc-36">
         <name>.debug_frame</name>
         <load_address>0x5e1</load_address>
         <run_address>0x5e1</run_address>
         <size>0x138</size>
         <input_file_ref idref="fl-b"/>
      </object_component>
      <object_component id="oc-3b">
         <name>.debug_frame</name>
         <load_address>0x719</load_address>
         <run_address>0x719</run_address>
         <size>0x116</size>
         <input_file_ref idref="fl-c"/>
      </object_component>
      <object_component id="oc-40">
         <name>.debug_frame</name>
         <load_address>0x82f</load_address>
         <run_address>0x82f</run_address>
         <size>0x224</size>
         <input_file_ref idref="fl-d"/>
      </object_component>
      <object_component id="oc-46">
         <name>.debug_frame</name>
         <load_address>0xa53</load_address>
         <run_address>0xa53</run_address>
         <size>0x1ef</size>
         <input_file_ref idref="fl-e"/>
      </object_component>
      <object_component id="oc-4d">
         <name>.debug_frame</name>
         <load_address>0xc42</load_address>
         <run_address>0xc42</run_address>
         <size>0x197</size>
         <input_file_ref idref="fl-f"/>
      </object_component>
      <object_component id="oc-19">
         <name>.debug_line</name>
         <load_address>0x0</load_address>
         <run_address>0x0</run_address>
         <size>0xaa</size>
         <input_file_ref idref="fl-2"/>
      </object_component>
      <object_component id="oc-21">
         <name>.debug_line</name>
         <load_address>0xaa</load_address>
         <run_address>0xaa</run_address>
         <size>0x7d</size>
         <input_file_ref idref="fl-3"/>
      </object_component>
      <object_component id="oc-26">
         <name>.debug_line</name>
         <load_address>0x127</load_address>
         <run_address>0x127</run_address>
         <size>0xbf</size>
         <input_file_ref idref="fl-4"/>
      </object_component>
      <object_component id="oc-2c">
         <name>.debug_line</name>
         <load_address>0x1e6</load_address>
         <run_address>0x1e6</run_address>
         <size>0xe6</size>
         <input_file_ref idref="fl-9"/>
      </object_component>
      <object_component id="oc-31">
         <name>.debug_line</name>
         <load_address>0x2cc</load_address>
         <run_address>0x2cc</run_address>
         <size>0xa7</size>
         <input_file_ref idref="fl-a"/>
      </object_component>
      <object_component id="oc-37">
         <name>.debug_line</name>
         <load_address>0x373</load_address>
         <run_address>0x373</run_address>
         <size>0x9f</size>
         <input_file_ref idref="fl-b"/>
      </object_component>
      <object_component id="oc-3c">
         <name>.debug_line</name>
         <load_address>0x412</load_address>
         <run_address>0x412</run_address>
         <size>0x82</size>
         <input_file_ref idref="fl-c"/>
      </object_component>
      <object_component id="oc-41">
         <name>.debug_line</name>
         <load_address>0x494</load_address>
         <run_address>0x494</run_address>
         <size>0x4fc</size>
         <input_file_ref idref="fl-d"/>
      </object_component>
      <object_component id="oc-47">
         <name>.debug_line</name>
         <load_address>0x990</load_address>
         <run_address>0x990</run_address>
         <size>0x6a1</size>
         <input_file_ref idref="fl-e"/>
      </object_component>
      <object_component id="oc-4e">
         <name>.debug_line</name>
         <load_address>0x1031</load_address>
         <run_address>0x1031</run_address>
         <size>0x680</size>
         <input_file_ref idref="fl-f"/>
      </object_component>
      <object_component id="oc-52">
         <name>.debug_line</name>
         <load_address>0x16b1</load_address>
         <run_address>0x16b1</run_address>
         <size>0x5c</size>
         <input_file_ref idref="fl-24"/>
      </object_component>
      <object_component id="oc-56">
         <name>.debug_line</name>
         <load_address>0x170d</load_address>
         <run_address>0x170d</run_address>
         <size>0x54</size>
         <input_file_ref idref="fl-25"/>
      </object_component>
      <object_component id="oc-5a">
         <name>.debug_line</name>
         <load_address>0x1761</load_address>
         <run_address>0x1761</run_address>
         <size>0x44</size>
         <input_file_ref idref="fl-26"/>
      </object_component>
      <object_component id="oc-61">
         <name>.debug_line</name>
         <load_address>0x17a5</load_address>
         <run_address>0x17a5</run_address>
         <size>0x51</size>
         <input_file_ref idref="fl-27"/>
      </object_component>
      <object_component id="oc-65">
         <name>.debug_line</name>
         <load_address>0x17f6</load_address>
         <run_address>0x17f6</run_address>
         <size>0x3d</size>
         <input_file_ref idref="fl-28"/>
      </object_component>
      <object_component id="oc-69">
         <name>.debug_line</name>
         <load_address>0x1833</load_address>
         <run_address>0x1833</run_address>
         <size>0x3d</size>
         <input_file_ref idref="fl-29"/>
      </object_component>
      <object_component id="oc-6d">
         <name>.debug_line</name>
         <load_address>0x1870</load_address>
         <run_address>0x1870</run_address>
         <size>0x3d</size>
         <input_file_ref idref="fl-2a"/>
      </object_component>
      <object_component id="oc-72">
         <name>.debug_line</name>
         <load_address>0x18ad</load_address>
         <run_address>0x18ad</run_address>
         <size>0x44</size>
         <input_file_ref idref="fl-2b"/>
      </object_component>
      <object_component id="oc-76">
         <name>.debug_line</name>
         <load_address>0x18f1</load_address>
         <run_address>0x18f1</run_address>
         <size>0x3c</size>
         <input_file_ref idref="fl-2c"/>
      </object_component>
      <object_component id="oc-7a">
         <name>.debug_line</name>
         <load_address>0x192d</load_address>
         <run_address>0x192d</run_address>
         <size>0x3c</size>
         <input_file_ref idref="fl-2d"/>
      </object_component>
      <object_component id="oc-7e">
         <name>.debug_line</name>
         <load_address>0x1969</load_address>
         <run_address>0x1969</run_address>
         <size>0x44</size>
         <input_file_ref idref="fl-2e"/>
      </object_component>
      <object_component id="oc-82">
         <name>.debug_line</name>
         <load_address>0x19ad</load_address>
         <run_address>0x19ad</run_address>
         <size>0x37</size>
         <input_file_ref idref="fl-2f"/>
      </object_component>
      <object_component id="oc-86">
         <name>.debug_line</name>
         <load_address>0x19e4</load_address>
         <run_address>0x19e4</run_address>
         <size>0x37</size>
         <input_file_ref idref="fl-30"/>
      </object_component>
      <object_component id="oc-8c">
         <name>.debug_line</name>
         <load_address>0x1a1b</load_address>
         <run_address>0x1a1b</run_address>
         <size>0x57</size>
         <input_file_ref idref="fl-31"/>
      </object_component>
      <object_component id="oc-90">
         <name>.debug_line</name>
         <load_address>0x1a72</load_address>
         <run_address>0x1a72</run_address>
         <size>0x41</size>
         <input_file_ref idref="fl-32"/>
      </object_component>
      <object_component id="oc-94">
         <name>.debug_line</name>
         <load_address>0x1ab3</load_address>
         <run_address>0x1ab3</run_address>
         <size>0x55</size>
         <input_file_ref idref="fl-33"/>
      </object_component>
      <object_component id="oc-98">
         <name>.debug_line</name>
         <load_address>0x1b08</load_address>
         <run_address>0x1b08</run_address>
         <size>0x3a</size>
         <input_file_ref idref="fl-34"/>
      </object_component>
      <object_component id="oc-1a">
         <name>.debug_abbrev</name>
         <load_address>0x0</load_address>
         <run_address>0x0</run_address>
         <size>0x145</size>
         <input_file_ref idref="fl-2"/>
      </object_component>
      <object_component id="oc-22">
         <name>.debug_abbrev</name>
         <load_address>0x145</load_address>
         <run_address>0x145</run_address>
         <size>0xe8</size>
         <input_file_ref idref="fl-3"/>
      </object_component>
      <object_component id="oc-27">
         <name>.debug_abbrev</name>
         <load_address>0x22d</load_address>
         <run_address>0x22d</run_address>
         <size>0x105</size>
         <input_file_ref idref="fl-4"/>
      </object_component>
      <object_component id="oc-2d">
         <name>.debug_abbrev</name>
         <load_address>0x332</load_address>
         <run_address>0x332</run_address>
         <size>0x164</size>
         <input_file_ref idref="fl-9"/>
      </object_component>
      <object_component id="oc-32">
         <name>.debug_abbrev</name>
         <load_address>0x496</load_address>
         <run_address>0x496</run_address>
         <size>0xd9</size>
         <input_file_ref idref="fl-a"/>
      </object_component>
      <object_component id="oc-38">
         <name>.debug_abbrev</name>
         <load_address>0x56f</load_address>
         <run_address>0x56f</run_address>
         <size>0x122</size>
         <input_file_ref idref="fl-b"/>
      </object_component>
      <object_component id="oc-3d">
         <name>.debug_abbrev</name>
         <load_address>0x691</load_address>
         <run_address>0x691</run_address>
         <size>0x12d</size>
         <input_file_ref idref="fl-c"/>
      </object_component>
      <object_component id="oc-42">
         <name>.debug_abbrev</name>
         <load_address>0x7be</load_address>
         <run_address>0x7be</run_address>
         <size>0x1a7</size>
         <input_file_ref idref="fl-d"/>
      </object_component>
      <object_component id="oc-48">
         <name>.debug_abbrev</name>
         <load_address>0x965</load_address>
         <run_address>0x965</run_address>
         <size>0x25d</size>
         <input_file_ref idref="fl-e"/>
      </object_component>
      <object_component id="oc-4f">
         <name>.debug_abbrev</name>
         <load_address>0xbc2</load_address>
         <run_address>0xbc2</run_address>
         <size>0x237</size>
         <input_file_ref idref="fl-f"/>
      </object_component>
      <object_component id="oc-53">
         <name>.debug_abbrev</name>
         <load_address>0xdf9</load_address>
         <run_address>0xdf9</run_address>
         <size>0xd4</size>
         <input_file_ref idref="fl-24"/>
      </object_component>
      <object_component id="oc-57">
         <name>.debug_abbrev</name>
         <load_address>0xecd</load_address>
         <run_address>0xecd</run_address>
         <size>0x3a</size>
         <input_file_ref idref="fl-25"/>
      </object_component>
      <object_component id="oc-5b">
         <name>.debug_abbrev</name>
         <load_address>0xf07</load_address>
         <run_address>0xf07</run_address>
         <size>0xb5</size>
         <input_file_ref idref="fl-26"/>
      </object_component>
      <object_component id="oc-62">
         <name>.debug_abbrev</name>
         <load_address>0xfbc</load_address>
         <run_address>0xfbc</run_address>
         <size>0xf7</size>
         <input_file_ref idref="fl-27"/>
      </object_component>
      <object_component id="oc-66">
         <name>.debug_abbrev</name>
         <load_address>0x10b3</load_address>
         <run_address>0x10b3</run_address>
         <size>0x8f</size>
         <input_file_ref idref="fl-28"/>
      </object_component>
      <object_component id="oc-6a">
         <name>.debug_abbrev</name>
         <load_address>0x1142</load_address>
         <run_address>0x1142</run_address>
         <size>0xb7</size>
         <input_file_ref idref="fl-29"/>
      </object_component>
      <object_component id="oc-6e">
         <name>.debug_abbrev</name>
         <load_address>0x11f9</load_address>
         <run_address>0x11f9</run_address>
         <size>0x8f</size>
         <input_file_ref idref="fl-2a"/>
      </object_component>
      <object_component id="oc-73">
         <name>.debug_abbrev</name>
         <load_address>0x1288</load_address>
         <run_address>0x1288</run_address>
         <size>0xc2</size>
         <input_file_ref idref="fl-2b"/>
      </object_component>
      <object_component id="oc-77">
         <name>.debug_abbrev</name>
         <load_address>0x134a</load_address>
         <run_address>0x134a</run_address>
         <size>0x38</size>
         <input_file_ref idref="fl-2c"/>
      </object_component>
      <object_component id="oc-7b">
         <name>.debug_abbrev</name>
         <load_address>0x1382</load_address>
         <run_address>0x1382</run_address>
         <size>0xdc</size>
         <input_file_ref idref="fl-2d"/>
      </object_component>
      <object_component id="oc-7f">
         <name>.debug_abbrev</name>
         <load_address>0x145e</load_address>
         <run_address>0x145e</run_address>
         <size>0xb5</size>
         <input_file_ref idref="fl-2e"/>
      </object_component>
      <object_component id="oc-83">
         <name>.debug_abbrev</name>
         <load_address>0x1513</load_address>
         <run_address>0x1513</run_address>
         <size>0x8f</size>
         <input_file_ref idref="fl-2f"/>
      </object_component>
      <object_component id="oc-87">
         <name>.debug_abbrev</name>
         <load_address>0x15a2</load_address>
         <run_address>0x15a2</run_address>
         <size>0x26</size>
         <input_file_ref idref="fl-30"/>
      </object_component>
      <object_component id="oc-8d">
         <name>.debug_abbrev</name>
         <load_address>0x15c8</load_address>
         <run_address>0x15c8</run_address>
         <size>0x9f</size>
         <input_file_ref idref="fl-31"/>
      </object_component>
      <object_component id="oc-91">
         <name>.debug_abbrev</name>
         <load_address>0x1667</load_address>
         <run_address>0x1667</run_address>
         <size>0xec</size>
         <input_file_ref idref="fl-32"/>
      </object_component>
      <object_component id="oc-95">
         <name>.debug_abbrev</name>
         <load_address>0x1753</load_address>
         <run_address>0x1753</run_address>
         <size>0x44</size>
         <input_file_ref idref="fl-33"/>
      </object_component>
      <object_component id="oc-99">
         <name>.debug_abbrev</name>
         <load_address>0x1797</load_address>
         <run_address>0x1797</run_address>
         <size>0x81</size>
         <input_file_ref idref="fl-34"/>
      </object_component>
      <object_component id="oc-ba">
         <name>.debug_abbrev</name>
         <load_address>0x1818</load_address>
         <run_address>0x1818</run_address>
         <size>0xd</size>
      </object_component>
   </object_component_list>
   <logical_group_list>
      <logical_group id="lg-2">
         <name>vectors</name>
         <load_address>0x31d8</load_address>
         <run_address>0x31d8</run_address>
         <size>0x100</size>
         <contents>
            <object_component_ref idref="oc-15"/>
         </contents>
      </logical_group>
      <logical_group id="lg-3">
         <name>.bss</name>
         <run_address>0x30c0</run_address>
         <size>0xac</size>
         <contents>
            <object_component_ref idref="oc-1c"/>
            <object_component_ref idref="oc-29"/>
            <object_component_ref idref="oc-34"/>
            <object_component_ref idref="oc-44"/>
            <object_component_ref idref="oc-4a"/>
            <object_component_ref idref="oc-5d"/>
            <object_component_ref idref="oc-89"/>
         </contents>
      </logical_group>
      <logical_group id="lg-4">
         <name>vector</name>
         <run_address>0x0</run_address>
         <size>0x0</size>
         <contents>
         </contents>
      </logical_group>
      <logical_group id="lg-5">
         <name>.stack</name>
         <run_address>0xc0</run_address>
         <size>0x2000</size>
         <contents>
            <object_component_ref idref="oc-54"/>
            <object_component_ref idref="oc-b6"/>
         </contents>
      </logical_group>
      <logical_group id="lg-6">
         <name>.sysstack</name>
         <run_address>0x20c0</run_address>
         <size>0x1000</size>
         <contents>
            <object_component_ref idref="oc-9a"/>
            <object_component_ref idref="oc-b7"/>
         </contents>
      </logical_group>
      <logical_group id="lg-7">
         <name>.sysmem</name>
         <run_address>0x0</run_address>
         <size>0x0</size>
         <contents>
         </contents>
      </logical_group>
      <logical_group id="lg-8">
         <name>.text</name>
         <load_address>0x30000</load_address>
         <run_address>0x30000</run_address>
         <size>0x2a29</size>
         <contents>
            <object_component_ref idref="oc-43"/>
            <object_component_ref idref="oc-49"/>
            <object_component_ref idref="oc-3e"/>
            <object_component_ref idref="oc-50"/>
            <object_component_ref idref="oc-23"/>
            <object_component_ref idref="oc-78"/>
            <object_component_ref idref="oc-28"/>
            <object_component_ref idref="oc-1b"/>
            <object_component_ref idref="oc-58"/>
            <object_component_ref idref="oc-2e"/>
            <object_component_ref idref="oc-16"/>
            <object_component_ref idref="oc-33"/>
            <object_component_ref idref="oc-96"/>
            <object_component_ref idref="oc-7c"/>
            <object_component_ref idref="oc-67"/>
            <object_component_ref idref="oc-6f"/>
            <object_component_ref idref="oc-39"/>
            <object_component_ref idref="oc-92"/>
            <object_component_ref idref="oc-8e"/>
            <object_component_ref idref="oc-5c"/>
            <object_component_ref idref="oc-14"/>
            <object_component_ref idref="oc-63"/>
            <object_component_ref idref="oc-80"/>
            <object_component_ref idref="oc-74"/>
            <object_component_ref idref="oc-88"/>
            <object_component_ref idref="oc-6b"/>
            <object_component_ref idref="oc-60"/>
            <object_component_ref idref="oc-84"/>
         </contents>
      </logical_group>
      <logical_group id="lg-9">
         <name>.data</name>
         <run_address>0xc0</run_address>
         <size>0x0</size>
         <contents>
         </contents>
      </logical_group>
      <logical_group id="lg-a">
         <name>.cinit</name>
         <load_address>0x316c</load_address>
         <run_address>0x316c</run_address>
         <size>0x5e</size>
         <contents>
            <object_component_ref idref="oc-1e"/>
            <object_component_ref idref="oc-8b"/>
            <object_component_ref idref="oc-5f"/>
            <object_component_ref idref="oc-4c"/>
         </contents>
      </logical_group>
      <logical_group id="lg-b">
         <name>.const</name>
         <load_address>0x31cc</load_address>
         <run_address>0x31cc</run_address>
         <size>0xc</size>
         <contents>
            <object_component_ref idref="oc-1f"/>
            <object_component_ref idref="oc-71"/>
         </contents>
      </logical_group>
      <logical_group id="lg-c">
         <name>.cio</name>
         <run_address>0x0</run_address>
         <size>0x0</size>
         <contents>
         </contents>
      </logical_group>
      <logical_group id="lg-d">
         <name>.usect</name>
         <run_address>0x0</run_address>
         <size>0x0</size>
         <contents>
         </contents>
      </logical_group>
      <logical_group id="lg-e">
         <name>.switch</name>
         <run_address>0x0</run_address>
         <size>0x0</size>
         <contents>
         </contents>
      </logical_group>
      <logical_group id="lg-f">
         <name>.emif_cs0</name>
         <run_address>0x0</run_address>
         <size>0x0</size>
         <contents>
         </contents>
      </logical_group>
      <logical_group id="lg-10">
         <name>.emif_cs2</name>
         <run_address>0x0</run_address>
         <size>0x0</size>
         <contents>
         </contents>
      </logical_group>
      <logical_group id="lg-11">
         <name>.emif_cs3</name>
         <run_address>0x0</run_address>
         <size>0x0</size>
         <contents>
         </contents>
      </logical_group>
      <logical_group id="lg-12">
         <name>.emif_cs4</name>
         <run_address>0x0</run_address>
         <size>0x0</size>
         <contents>
         </contents>
      </logical_group>
      <logical_group id="lg-13">
         <name>.emif_cs5</name>
         <run_address>0x0</run_address>
         <size>0x0</size>
         <contents>
         </contents>
      </logical_group>
      <logical_group id="lg-ad">
         <name>.debug_info</name>
         <load_address>0x0</load_address>
         <run_address>0x0</run_address>
         <size>0x1eda5</size>
         <contents>
            <object_component_ref idref="oc-17"/>
            <object_component_ref idref="oc-1d"/>
            <object_component_ref idref="oc-24"/>
            <object_component_ref idref="oc-2a"/>
            <object_component_ref idref="oc-2f"/>
            <object_component_ref idref="oc-35"/>
            <object_component_ref idref="oc-3a"/>
            <object_component_ref idref="oc-3f"/>
            <object_component_ref idref="oc-45"/>
            <object_component_ref idref="oc-4b"/>
            <object_component_ref idref="oc-51"/>
            <object_component_ref idref="oc-55"/>
            <object_component_ref idref="oc-59"/>
            <object_component_ref idref="oc-5e"/>
            <object_component_ref idref="oc-64"/>
            <object_component_ref idref="oc-68"/>
            <object_component_ref idref="oc-6c"/>
            <object_component_ref idref="oc-70"/>
            <object_component_ref idref="oc-75"/>
            <object_component_ref idref="oc-79"/>
            <object_component_ref idref="oc-7d"/>
            <object_component_ref idref="oc-81"/>
            <object_component_ref idref="oc-85"/>
            <object_component_ref idref="oc-8a"/>
            <object_component_ref idref="oc-8f"/>
            <object_component_ref idref="oc-93"/>
            <object_component_ref idref="oc-97"/>
            <object_component_ref idref="oc-b9"/>
         </contents>
      </logical_group>
      <logical_group id="lg-af">
         <name>.debug_frame</name>
         <load_address>0x0</load_address>
         <run_address>0x0</run_address>
         <size>0xdd9</size>
         <contents>
            <object_component_ref idref="oc-18"/>
            <object_component_ref idref="oc-20"/>
            <object_component_ref idref="oc-25"/>
            <object_component_ref idref="oc-2b"/>
            <object_component_ref idref="oc-30"/>
            <object_component_ref idref="oc-36"/>
            <object_component_ref idref="oc-3b"/>
            <object_component_ref idref="oc-40"/>
            <object_component_ref idref="oc-46"/>
            <object_component_ref idref="oc-4d"/>
         </contents>
      </logical_group>
      <logical_group id="lg-b1">
         <name>.debug_line</name>
         <load_address>0x0</load_address>
         <run_address>0x0</run_address>
         <size>0x1b42</size>
         <contents>
            <object_component_ref idref="oc-19"/>
            <object_component_ref idref="oc-21"/>
            <object_component_ref idref="oc-26"/>
            <object_component_ref idref="oc-2c"/>
            <object_component_ref idref="oc-31"/>
            <object_component_ref idref="oc-37"/>
            <object_component_ref idref="oc-3c"/>
            <object_component_ref idref="oc-41"/>
            <object_component_ref idref="oc-47"/>
            <object_component_ref idref="oc-4e"/>
            <object_component_ref idref="oc-52"/>
            <object_component_ref idref="oc-56"/>
            <object_component_ref idref="oc-5a"/>
            <object_component_ref idref="oc-61"/>
            <object_component_ref idref="oc-65"/>
            <object_component_ref idref="oc-69"/>
            <object_component_ref idref="oc-6d"/>
            <object_component_ref idref="oc-72"/>
            <object_component_ref idref="oc-76"/>
            <object_component_ref idref="oc-7a"/>
            <object_component_ref idref="oc-7e"/>
            <object_component_ref idref="oc-82"/>
            <object_component_ref idref="oc-86"/>
            <object_component_ref idref="oc-8c"/>
            <object_component_ref idref="oc-90"/>
            <object_component_ref idref="oc-94"/>
            <object_component_ref idref="oc-98"/>
         </contents>
      </logical_group>
      <logical_group id="lg-b3">
         <name>.debug_abbrev</name>
         <load_address>0x0</load_address>
         <run_address>0x0</run_address>
         <size>0x1825</size>
         <contents>
            <object_component_ref idref="oc-1a"/>
            <object_component_ref idref="oc-22"/>
            <object_component_ref idref="oc-27"/>
            <object_component_ref idref="oc-2d"/>
            <object_component_ref idref="oc-32"/>
            <object_component_ref idref="oc-38"/>
            <object_component_ref idref="oc-3d"/>
            <object_component_ref idref="oc-42"/>
            <object_component_ref idref="oc-48"/>
            <object_component_ref idref="oc-4f"/>
            <object_component_ref idref="oc-53"/>
            <object_component_ref idref="oc-57"/>
            <object_component_ref idref="oc-5b"/>
            <object_component_ref idref="oc-62"/>
            <object_component_ref idref="oc-66"/>
            <object_component_ref idref="oc-6a"/>
            <object_component_ref idref="oc-6e"/>
            <object_component_ref idref="oc-73"/>
            <object_component_ref idref="oc-77"/>
            <object_component_ref idref="oc-7b"/>
            <object_component_ref idref="oc-7f"/>
            <object_component_ref idref="oc-83"/>
            <object_component_ref idref="oc-87"/>
            <object_component_ref idref="oc-8d"/>
            <object_component_ref idref="oc-91"/>
            <object_component_ref idref="oc-95"/>
            <object_component_ref idref="oc-99"/>
            <object_component_ref idref="oc-ba"/>
         </contents>
      </logical_group>
   </logical_group_list>
   <placement_map>
      <memory_area>
         <name>MMR</name>
         <page_id>0x0</page_id>
         <origin>0x0</origin>
         <length>0xc0</length>
         <used_space>0x0</used_space>
         <unused_space>0xc0</unused_space>
         <attributes>RW</attributes>
         <usage_details>
         </usage_details>
      </memory_area>
      <memory_area>
         <name>DARAM</name>
         <page_id>0x0</page_id>
         <origin>0xc0</origin>
         <length>0xff40</length>
         <used_space>0x3216</used_space>
         <unused_space>0xcd2a</unused_space>
         <attributes>RW</attributes>
         <usage_details>
            <allocated_space>
               <start_address>0xc0</start_address>
               <size>0x0</size>
               <logical_group_ref idref="lg-9"/>
            </allocated_space>
            <allocated_space>
               <start_address>0xc0</start_address>
               <size>0x2000</size>
               <logical_group_ref idref="lg-5"/>
            </allocated_space>
            <allocated_space>
               <start_address>0x20c0</start_address>
               <size>0x1000</size>
               <logical_group_ref idref="lg-6"/>
            </allocated_space>
            <allocated_space>
               <start_address>0x30c0</start_address>
               <size>0xac</size>
               <logical_group_ref idref="lg-3"/>
            </allocated_space>
            <allocated_space>
               <start_address>0x316c</start_address>
               <size>0x5e</size>
               <logical_group_ref idref="lg-a"/>
            </allocated_space>
            <available_space>
               <start_address>0x31ca</start_address>
               <size>0x2</size>
            </available_space>
            <allocated_space>
               <start_address>0x31cc</start_address>
               <size>0xc</size>
               <logical_group_ref idref="lg-b"/>
            </allocated_space>
            <allocated_space>
               <start_address>0x31d8</start_address>
               <size>0x100</size>
               <logical_group_ref idref="lg-2"/>
            </allocated_space>
            <available_space>
               <start_address>0x32d8</start_address>
               <size>0xcd28</size>
            </available_space>
         </usage_details>
      </memory_area>
      <memory_area>
         <name>SARAM</name>
         <page_id>0x0</page_id>
         <origin>0x30000</origin>
         <length>0x1e000</length>
         <used_space>0x2a29</used_space>
         <unused_space>0x1b5d7</unused_space>
         <attributes>RW</attributes>
         <usage_details>
            <allocated_space>
               <start_address>0x30000</start_address>
               <size>0x2a29</size>
               <logical_group_ref idref="lg-8"/>
            </allocated_space>
            <available_space>
               <start_address>0x32a29</start_address>
               <size>0x1b5d7</size>
            </available_space>
         </usage_details>
      </memory_area>
      <memory_area>
         <name>EMIF_CS0</name>
         <page_id>0x0</page_id>
         <origin>0x50000</origin>
         <length>0x7b0000</length>
         <used_space>0x0</used_space>
         <unused_space>0x7b0000</unused_space>
         <attributes>RW</attributes>
         <usage_details>
         </usage_details>
      </memory_area>
      <memory_area>
         <name>EMIF_CS2</name>
         <page_id>0x0</page_id>
         <origin>0x800000</origin>
         <length>0x400000</length>
         <used_space>0x0</used_space>
         <unused_space>0x400000</unused_space>
         <attributes>RW</attributes>
         <usage_details>
         </usage_details>
      </memory_area>
      <memory_area>
         <name>EMIF_CS3</name>
         <page_id>0x0</page_id>
         <origin>0xc00000</origin>
         <length>0x200000</length>
         <used_space>0x0</used_space>
         <unused_space>0x200000</unused_space>
         <attributes>RW</attributes>
         <usage_details>
         </usage_details>
      </memory_area>
      <memory_area>
         <name>EMIF_CS4</name>
         <page_id>0x0</page_id>
         <origin>0xe00000</origin>
         <length>0x100000</length>
         <used_space>0x0</used_space>
         <unused_space>0x100000</unused_space>
         <attributes>RW</attributes>
         <usage_details>
         </usage_details>
      </memory_area>
      <memory_area>
         <name>EMIF_CS5</name>
         <page_id>0x0</page_id>
         <origin>0xf00000</origin>
         <length>0xe0000</length>
         <used_space>0x0</used_space>
         <unused_space>0xe0000</unused_space>
         <attributes>RW</attributes>
         <usage_details>
         </usage_details>
      </memory_area>
      <memory_area>
         <name>SAROM_0</name>
         <page_id>0x0</page_id>
         <origin>0xfe0000</origin>
         <length>0x8000</length>
         <used_space>0x0</used_space>
         <unused_space>0x8000</unused_space>
         <attributes>RX</attributes>
         <usage_details>
         </usage_details>
      </memory_area>
      <memory_area>
         <name>SAROM_1</name>
         <page_id>0x0</page_id>
         <origin>0xfe8000</origin>
         <length>0x8000</length>
         <used_space>0x0</used_space>
         <unused_space>0x8000</unused_space>
         <attributes>RX</attributes>
         <usage_details>
         </usage_details>
      </memory_area>
      <memory_area>
         <name>SAROM_2</name>
         <page_id>0x0</page_id>
         <origin>0xff0000</origin>
         <length>0x8000</length>
         <used_space>0x0</used_space>
         <unused_space>0x8000</unused_space>
         <attributes>RX</attributes>
         <usage_details>
         </usage_details>
      </memory_area>
      <memory_area>
         <name>SAROM_3</name>
         <page_id>0x0</page_id>
         <origin>0xff8000</origin>
         <length>0x8000</length>
         <used_space>0x0</used_space>
         <unused_space>0x8000</unused_space>
         <attributes>RX</attributes>
         <usage_details>
         </usage_details>
      </memory_area>
   </placement_map>
   <symbol_table>
      <symbol id="sm-0">
         <name>$TI_capability$C5500$CallingConvention</name>
         <value>0x2</value>
      </symbol>
      <symbol id="sm-1">
         <name>$TI_capability$C5500$MemoryModel</name>
         <value>0x2</value>
      </symbol>
      <symbol id="sm-2">
         <name>$TI_capability_requires_rev3</name>
         <value>0x1</value>
      </symbol>
      <symbol id="sm-3">
         <name>cinit</name>
         <value>0x316c</value>
      </symbol>
      <symbol id="sm-4">
         <name>___cinit__</name>
         <value>0x316c</value>
      </symbol>
      <symbol id="sm-5">
         <name>pinit</name>
         <value>0xffffffff</value>
      </symbol>
      <symbol id="sm-6">
         <name>___pinit__</name>
         <value>0xffffffff</value>
      </symbol>
      <symbol id="sm-7">
         <name>binit</name>
         <value>0xffffffff</value>
      </symbol>
      <symbol id="sm-8">
         <name>___binit__</name>
         <value>0xffffffff</value>
      </symbol>
      <symbol id="sm-9">
         <name>__STACK_SIZE</name>
         <value>0x2000</value>
      </symbol>
      <symbol id="sm-a">
         <name>__STACK_END</name>
         <value>0x20c0</value>
      </symbol>
      <symbol id="sm-b">
         <name>___c_args__</name>
         <value>0xffffffff</value>
      </symbol>
      <symbol id="sm-c">
         <name>__SYSSTACK_SIZE</name>
         <value>0x1000</value>
      </symbol>
      <symbol id="sm-d">
         <name>.text</name>
         <value>0x30000</value>
      </symbol>
      <symbol id="sm-e">
         <name>___text__</name>
         <value>0x30000</value>
      </symbol>
      <symbol id="sm-f">
         <name>etext</name>
         <value>0x32a29</value>
      </symbol>
      <symbol id="sm-10">
         <name>___etext__</name>
         <value>0x32a29</value>
      </symbol>
      <symbol id="sm-11">
         <name>.data</name>
         <value>0xc0</value>
      </symbol>
      <symbol id="sm-12">
         <name>___data__</name>
         <value>0xc0</value>
      </symbol>
      <symbol id="sm-13">
         <name>edata</name>
         <value>0xc0</value>
      </symbol>
      <symbol id="sm-14">
         <name>___edata__</name>
         <value>0xc0</value>
      </symbol>
      <symbol id="sm-15">
         <name>.bss</name>
         <value>0x30c0</value>
      </symbol>
      <symbol id="sm-16">
         <name>___bss__</name>
         <value>0x30c0</value>
      </symbol>
      <symbol id="sm-17">
         <name>end</name>
         <value>0x316c</value>
      </symbol>
      <symbol id="sm-18">
         <name>___end__</name>
         <value>0x316c</value>
      </symbol>
      <symbol id="sm-4e">
         <name>_write_right</name>
         <value>0x32605</value>
         <object_component_ref idref="oc-16"/>
      </symbol>
      <symbol id="sm-4f">
         <name>_write_left</name>
         <value>0x32611</value>
         <object_component_ref idref="oc-16"/>
      </symbol>
      <symbol id="sm-50">
         <name>_read_left</name>
         <value>0x325f6</value>
         <object_component_ref idref="oc-16"/>
      </symbol>
      <symbol id="sm-51">
         <name>_read_right</name>
         <value>0x325e7</value>
         <object_component_ref idref="oc-16"/>
      </symbol>
      <symbol id="sm-52">
         <name>_Init_USBSTK5505</name>
         <value>0x3259d</value>
         <object_component_ref idref="oc-16"/>
      </symbol>
      <symbol id="sm-71">
         <name>_main</name>
         <value>0x3236b</value>
         <object_component_ref idref="oc-1b"/>
      </symbol>
      <symbol id="sm-72">
         <name>_b</name>
         <value>0x3138</value>
         <object_component_ref idref="oc-1c"/>
      </symbol>
      <symbol id="sm-73">
         <name>_a</name>
         <value>0x3144</value>
         <object_component_ref idref="oc-1c"/>
      </symbol>
      <symbol id="sm-84">
         <name>_AIC3204_rset</name>
         <value>0x31efe</value>
         <object_component_ref idref="oc-23"/>
      </symbol>
      <symbol id="sm-85">
         <name>_Init_AIC3204</name>
         <value>0x31f28</value>
         <object_component_ref idref="oc-23"/>
      </symbol>
      <symbol id="sm-99">
         <name>_USBSTK5505_I2S_writeRight</name>
         <value>0x3233d</value>
         <object_component_ref idref="oc-28"/>
      </symbol>
      <symbol id="sm-9a">
         <name>_USBSTK5505_I2S_readLeft</name>
         <value>0x322bd</value>
         <object_component_ref idref="oc-28"/>
      </symbol>
      <symbol id="sm-9b">
         <name>_USBSTK5505_I2S_readRight</name>
         <value>0x3231c</value>
         <object_component_ref idref="oc-28"/>
      </symbol>
      <symbol id="sm-9c">
         <name>_USBSTK5505_I2S_close</name>
         <value>0x32359</value>
         <object_component_ref idref="oc-28"/>
      </symbol>
      <symbol id="sm-9d">
         <name>_USBSTK5505_I2S_writeLeft</name>
         <value>0x322ef</value>
         <object_component_ref idref="oc-28"/>
      </symbol>
      <symbol id="sm-9e">
         <name>_USBSTK5505_I2S_init</name>
         <value>0x32264</value>
         <object_component_ref idref="oc-28"/>
      </symbol>
      <symbol id="sm-9f">
         <name>_hI2s</name>
         <value>0x3168</value>
         <object_component_ref idref="oc-29"/>
      </symbol>
      <symbol id="sm-a9">
         <name>_USBSTK5505_I2C_reset</name>
         <value>0x32544</value>
         <object_component_ref idref="oc-2e"/>
      </symbol>
      <symbol id="sm-aa">
         <name>_USBSTK5505_I2C_read</name>
         <value>0x32575</value>
         <object_component_ref idref="oc-2e"/>
      </symbol>
      <symbol id="sm-ab">
         <name>_USBSTK5505_I2C_write</name>
         <value>0x3254f</value>
         <object_component_ref idref="oc-2e"/>
      </symbol>
      <symbol id="sm-ac">
         <name>_USBSTK5505_I2C_init</name>
         <value>0x3250f</value>
         <object_component_ref idref="oc-2e"/>
      </symbol>
      <symbol id="sm-b8">
         <name>_USBSTK5505_GPIO_setOutput</name>
         <value>0x3265c</value>
         <object_component_ref idref="oc-33"/>
      </symbol>
      <symbol id="sm-b9">
         <name>_USBSTK5505_GPIO_init</name>
         <value>0x3261d</value>
         <object_component_ref idref="oc-33"/>
      </symbol>
      <symbol id="sm-ba">
         <name>_USBSTK5505_GPIO_setDirection</name>
         <value>0x32638</value>
         <object_component_ref idref="oc-33"/>
      </symbol>
      <symbol id="sm-bb">
         <name>_USBSTK5505_GPIO_getInput</name>
         <value>0x32676</value>
         <object_component_ref idref="oc-33"/>
      </symbol>
      <symbol id="sm-bc">
         <name>_GpioObj</name>
         <value>0x3150</value>
         <object_component_ref idref="oc-34"/>
      </symbol>
      <symbol id="sm-bd">
         <name>_hGpio</name>
         <value>0x3154</value>
         <object_component_ref idref="oc-34"/>
      </symbol>
      <symbol id="sm-cb">
         <name>_USBSTK5505_waitusec</name>
         <value>0x32886</value>
         <object_component_ref idref="oc-39"/>
      </symbol>
      <symbol id="sm-cc">
         <name>_USBSTK5505_wait</name>
         <value>0x32852</value>
         <object_component_ref idref="oc-39"/>
      </symbol>
      <symbol id="sm-cd">
         <name>_USBSTK5505_init</name>
         <value>0x32898</value>
         <object_component_ref idref="oc-39"/>
      </symbol>
      <symbol id="sm-112">
         <name>_GPIO_write</name>
         <value>0x3180f</value>
         <object_component_ref idref="oc-3e"/>
      </symbol>
      <symbol id="sm-113">
         <name>_GPIO_read</name>
         <value>0x3178c</value>
         <object_component_ref idref="oc-3e"/>
      </symbol>
      <symbol id="sm-114">
         <name>_GPIO_close</name>
         <value>0x3165b</value>
         <object_component_ref idref="oc-3e"/>
      </symbol>
      <symbol id="sm-115">
         <name>_GPIO_enableInt</name>
         <value>0x31a78</value>
         <object_component_ref idref="oc-3e"/>
      </symbol>
      <symbol id="sm-116">
         <name>_GPIO_clearInt</name>
         <value>0x31b02</value>
         <object_component_ref idref="oc-3e"/>
      </symbol>
      <symbol id="sm-117">
         <name>_GPIO_statusBit</name>
         <value>0x31b8e</value>
         <object_component_ref idref="oc-3e"/>
      </symbol>
      <symbol id="sm-118">
         <name>_GPIO_configBit</name>
         <value>0x318b2</value>
         <object_component_ref idref="oc-3e"/>
      </symbol>
      <symbol id="sm-119">
         <name>_GPIO_reset</name>
         <value>0x31c15</value>
         <object_component_ref idref="oc-3e"/>
      </symbol>
      <symbol id="sm-11a">
         <name>_GPIO_getConfig</name>
         <value>0x31704</value>
         <object_component_ref idref="oc-3e"/>
      </symbol>
      <symbol id="sm-11b">
         <name>_GPIO_disableInt</name>
         <value>0x319fa</value>
         <object_component_ref idref="oc-3e"/>
      </symbol>
      <symbol id="sm-11c">
         <name>_GPIO_config</name>
         <value>0x3167f</value>
         <object_component_ref idref="oc-3e"/>
      </symbol>
      <symbol id="sm-11d">
         <name>_GPIO_open</name>
         <value>0x31617</value>
         <object_component_ref idref="oc-3e"/>
      </symbol>
      <symbol id="sm-19a">
         <name>_I2C_eventEnable</name>
         <value>0x30940</value>
         <object_component_ref idref="oc-43"/>
      </symbol>
      <symbol id="sm-19b">
         <name>_I2C_setCallback</name>
         <value>0x30b93</value>
         <object_component_ref idref="oc-43"/>
      </symbol>
      <symbol id="sm-19c">
         <name>_I2C_init</name>
         <value>0x30000</value>
         <object_component_ref idref="oc-43"/>
      </symbol>
      <symbol id="sm-19d">
         <name>_I2C_config</name>
         <value>0x300a9</value>
         <object_component_ref idref="oc-43"/>
      </symbol>
      <symbol id="sm-19e">
         <name>_gI2cObj</name>
         <value>0x3114</value>
         <object_component_ref idref="oc-44"/>
      </symbol>
      <symbol id="sm-19f">
         <name>_I2C_getConfig</name>
         <value>0x3020e</value>
         <object_component_ref idref="oc-43"/>
      </symbol>
      <symbol id="sm-1a0">
         <name>_I2C_setup</name>
         <value>0x302e4</value>
         <object_component_ref idref="oc-43"/>
      </symbol>
      <symbol id="sm-1a1">
         <name>_I2C_write</name>
         <value>0x304de</value>
         <object_component_ref idref="oc-43"/>
      </symbol>
      <symbol id="sm-1a2">
         <name>_I2C_read</name>
         <value>0x30722</value>
         <object_component_ref idref="oc-43"/>
      </symbol>
      <symbol id="sm-1a3">
         <name>_I2C_eventDisable</name>
         <value>0x30a74</value>
         <object_component_ref idref="oc-43"/>
      </symbol>
      <symbol id="sm-1a4">
         <name>_I2C_getEventId</name>
         <value>0x30c20</value>
         <object_component_ref idref="oc-43"/>
      </symbol>
      <symbol id="sm-1a5">
         <name>_i2cHandle</name>
         <value>0x3134</value>
         <object_component_ref idref="oc-44"/>
      </symbol>
      <symbol id="sm-24a">
         <name>_I2S_write</name>
         <value>0x313cb</value>
         <object_component_ref idref="oc-49"/>
      </symbol>
      <symbol id="sm-24b">
         <name>_I2S_read</name>
         <value>0x31111</value>
         <object_component_ref idref="oc-49"/>
      </symbol>
      <symbol id="sm-24c">
         <name>_I2S_close</name>
         <value>0x31066</value>
         <object_component_ref idref="oc-49"/>
      </symbol>
      <symbol id="sm-24d">
         <name>_ouError</name>
         <value>0x3112</value>
         <object_component_ref idref="oc-4a"/>
      </symbol>
      <symbol id="sm-24e">
         <name>_I2S_reset</name>
         <value>0x31521</value>
         <object_component_ref idref="oc-49"/>
      </symbol>
      <symbol id="sm-24f">
         <name>_I2S_setup</name>
         <value>0x30d7f</value>
         <object_component_ref idref="oc-49"/>
      </symbol>
      <symbol id="sm-250">
         <name>_fsError</name>
         <value>0x3110</value>
         <object_component_ref idref="oc-4a"/>
      </symbol>
      <symbol id="sm-251">
         <name>_I2S_open</name>
         <value>0x30c3c</value>
         <object_component_ref idref="oc-49"/>
      </symbol>
      <symbol id="sm-252">
         <name>_I2S_transEnable</name>
         <value>0x315cc</value>
         <object_component_ref idref="oc-49"/>
      </symbol>
      <symbol id="sm-25c">
         <name>__addd</name>
         <value>0x31ca4</value>
         <object_component_ref idref="oc-50"/>
      </symbol>
      <symbol id="sm-268">
         <name>__sysstack</name>
         <value>0x20c0</value>
         <object_component_ref idref="oc-9a"/>
      </symbol>
      <symbol id="sm-269">
         <name>_c_int00</name>
         <value>0x3297c</value>
         <object_component_ref idref="oc-14"/>
      </symbol>
      <symbol id="sm-26a">
         <name>__stack</name>
         <value>0xc0</value>
         <object_component_ref idref="oc-54"/>
      </symbol>
      <symbol id="sm-275">
         <name>__divul</name>
         <value>0x3246e</value>
         <object_component_ref idref="oc-58"/>
      </symbol>
      <symbol id="sm-285">
         <name>C$$EXIT</name>
         <value>0x32a20</value>
         <object_component_ref idref="oc-60"/>
      </symbol>
      <symbol id="sm-286">
         <name>_exit</name>
         <value>0x3293e</value>
         <object_component_ref idref="oc-5c"/>
      </symbol>
      <symbol id="sm-287">
         <name>_abort</name>
         <value>0x32a1f</value>
         <object_component_ref idref="oc-60"/>
      </symbol>
      <symbol id="sm-288">
         <name>__cleanup_ptr</name>
         <value>0x3160</value>
         <object_component_ref idref="oc-5d"/>
      </symbol>
      <symbol id="sm-289">
         <name>__dtors_ptr</name>
         <value>0x3164</value>
         <object_component_ref idref="oc-5d"/>
      </symbol>
      <symbol id="sm-293">
         <name>__fixdi</name>
         <value>0x329b0</value>
         <object_component_ref idref="oc-63"/>
      </symbol>
      <symbol id="sm-29d">
         <name>__fixdli</name>
         <value>0x3277c</value>
         <object_component_ref idref="oc-67"/>
      </symbol>
      <symbol id="sm-2a7">
         <name>__fltid</name>
         <value>0x32a13</value>
         <object_component_ref idref="oc-6b"/>
      </symbol>
      <symbol id="sm-2b3">
         <name>__fltlid</name>
         <value>0x327eb</value>
         <object_component_ref idref="oc-6f"/>
      </symbol>
      <symbol id="sm-2bb">
         <name>__mpyli</name>
         <value>0x329ee</value>
         <object_component_ref idref="oc-74"/>
      </symbol>
      <symbol id="sm-2bc">
         <name>I$$LMPY</name>
         <value>0x329ee</value>
         <object_component_ref idref="oc-74"/>
      </symbol>
      <symbol id="sm-2c6">
         <name>__mpyd</name>
         <value>0x32118</value>
         <object_component_ref idref="oc-78"/>
      </symbol>
      <symbol id="sm-2d1">
         <name>__remul</name>
         <value>0x3270a</value>
         <object_component_ref idref="oc-7c"/>
      </symbol>
      <symbol id="sm-2db">
         <name>__subd</name>
         <value>0x329da</value>
         <object_component_ref idref="oc-80"/>
      </symbol>
      <symbol id="sm-2e5">
         <name>_Reset</name>
         <value>0x31d8</value>
         <object_component_ref idref="oc-15"/>
      </symbol>
      <symbol id="sm-2f3">
         <name>__unlock</name>
         <value>0x315c</value>
         <object_component_ref idref="oc-89"/>
      </symbol>
      <symbol id="sm-2f4">
         <name>__lock</name>
         <value>0x3158</value>
         <object_component_ref idref="oc-89"/>
      </symbol>
      <symbol id="sm-2f5">
         <name>__register_lock</name>
         <value>0x32a09</value>
         <object_component_ref idref="oc-88"/>
      </symbol>
      <symbol id="sm-2f6">
         <name>__nop</name>
         <value>0x32a11</value>
         <object_component_ref idref="oc-88"/>
      </symbol>
      <symbol id="sm-2f7">
         <name>__register_unlock</name>
         <value>0x32a01</value>
         <object_component_ref idref="oc-88"/>
      </symbol>
      <symbol id="sm-301">
         <name>__args_main</name>
         <value>0x328f3</value>
         <object_component_ref idref="oc-8e"/>
      </symbol>
      <symbol id="sm-302">
         <name>__TI_args_main</name>
         <value>0x1</value>
      </symbol>
      <symbol id="sm-30a">
         <name>_auto_init</name>
         <value>0x328a6</value>
         <object_component_ref idref="oc-92"/>
      </symbol>
      <symbol id="sm-314">
         <name>__frcmpyd</name>
         <value>0x32694</value>
         <object_component_ref idref="oc-96"/>
      </symbol>
   </symbol_table>
</link_info>
