<?xml version="1.0"?>
<link_info>
   <banner>TMS320C55x Linker PC v4.4.1</banner>
   <copyright>Copyright (c) 1996-2012 Texas Instruments Incorporated</copyright>
   <link_time>0x573f8e1f</link_time>
   <output_file>ELEN133_Lab9_2.out</output_file>
   <entry_point>
      <name>_c_int00</name>
      <address>0x326da</address>
   </entry_point>
   <input_file_list>
      <input_file id="fl-2">
         <path>.\</path>
         <kind>object</kind>
         <file>periph.obj</file>
         <name>periph.obj</name>
      </input_file>
      <input_file id="fl-3">
         <path>.\</path>
         <kind>object</kind>
         <file>main.obj</file>
         <name>main.obj</name>
      </input_file>
      <input_file id="fl-4">
         <path>.\</path>
         <kind>object</kind>
         <file>initAIC3204.obj</file>
         <name>initAIC3204.obj</name>
      </input_file>
      <input_file id="fl-9">
         <path>..\lib\</path>
         <kind>archive</kind>
         <file>USBSTK_bsl.lib</file>
         <name>usbstk5505_i2s.obj</name>
      </input_file>
      <input_file id="fl-a">
         <path>..\lib\</path>
         <kind>archive</kind>
         <file>USBSTK_bsl.lib</file>
         <name>usbstk5505_i2c.obj</name>
      </input_file>
      <input_file id="fl-b">
         <path>..\lib\</path>
         <kind>archive</kind>
         <file>USBSTK_bsl.lib</file>
         <name>usbstk5505_gpio.obj</name>
      </input_file>
      <input_file id="fl-c">
         <path>..\lib\</path>
         <kind>archive</kind>
         <file>USBSTK_bsl.lib</file>
         <name>usbstk5505.obj</name>
      </input_file>
      <input_file id="fl-d">
         <path>..\lib\</path>
         <kind>archive</kind>
         <file>C55xx_csl.lib</file>
         <name>csl_gpio.obj</name>
      </input_file>
      <input_file id="fl-e">
         <path>..\lib\</path>
         <kind>archive</kind>
         <file>C55xx_csl.lib</file>
         <name>csl_i2c.obj</name>
      </input_file>
      <input_file id="fl-f">
         <path>..\lib\</path>
         <kind>archive</kind>
         <file>C55xx_csl.lib</file>
         <name>csl_i2s.obj</name>
      </input_file>
      <input_file id="fl-24">
         <path>C:\Apps\ti\ccsv5\tools\compiler\c5500_4.4.1\lib\</path>
         <kind>archive</kind>
         <file>rts55x.lib</file>
         <name>boot.obj</name>
      </input_file>
      <input_file id="fl-25">
         <path>C:\Apps\ti\ccsv5\tools\compiler\c5500_4.4.1\lib\</path>
         <kind>archive</kind>
         <file>rts55x.lib</file>
         <name>divul.obj</name>
      </input_file>
      <input_file id="fl-26">
         <path>C:\Apps\ti\ccsv5\tools\compiler\c5500_4.4.1\lib\</path>
         <kind>archive</kind>
         <file>rts55x.lib</file>
         <name>exit.obj</name>
      </input_file>
      <input_file id="fl-27">
         <path>C:\Apps\ti\ccsv5\tools\compiler\c5500_4.4.1\lib\</path>
         <kind>archive</kind>
         <file>rts55x.lib</file>
         <name>fixdi.obj</name>
      </input_file>
      <input_file id="fl-28">
         <path>C:\Apps\ti\ccsv5\tools\compiler\c5500_4.4.1\lib\</path>
         <kind>archive</kind>
         <file>rts55x.lib</file>
         <name>fixdli.obj</name>
      </input_file>
      <input_file id="fl-29">
         <path>C:\Apps\ti\ccsv5\tools\compiler\c5500_4.4.1\lib\</path>
         <kind>archive</kind>
         <file>rts55x.lib</file>
         <name>fltid.obj</name>
      </input_file>
      <input_file id="fl-2a">
         <path>C:\Apps\ti\ccsv5\tools\compiler\c5500_4.4.1\lib\</path>
         <kind>archive</kind>
         <file>rts55x.lib</file>
         <name>fltlid.obj</name>
      </input_file>
      <input_file id="fl-2b">
         <path>C:\Apps\ti\ccsv5\tools\compiler\c5500_4.4.1\lib\</path>
         <kind>archive</kind>
         <file>rts55x.lib</file>
         <name>lmpy.obj</name>
      </input_file>
      <input_file id="fl-2c">
         <path>C:\Apps\ti\ccsv5\tools\compiler\c5500_4.4.1\lib\</path>
         <kind>archive</kind>
         <file>rts55x.lib</file>
         <name>mpyd.obj</name>
      </input_file>
      <input_file id="fl-2d">
         <path>C:\Apps\ti\ccsv5\tools\compiler\c5500_4.4.1\lib\</path>
         <kind>archive</kind>
         <file>rts55x.lib</file>
         <name>remul.obj</name>
      </input_file>
      <input_file id="fl-2e">
         <path>C:\Apps\ti\ccsv5\tools\compiler\c5500_4.4.1\lib\</path>
         <kind>archive</kind>
         <file>rts55x.lib</file>
         <name>vectors.obj</name>
      </input_file>
      <input_file id="fl-2f">
         <path>C:\Apps\ti\ccsv5\tools\compiler\c5500_4.4.1\lib\</path>
         <kind>archive</kind>
         <file>rts55x.lib</file>
         <name>_lock.obj</name>
      </input_file>
      <input_file id="fl-30">
         <path>C:\Apps\ti\ccsv5\tools\compiler\c5500_4.4.1\lib\</path>
         <kind>archive</kind>
         <file>rts55x.lib</file>
         <name>args_main.obj</name>
      </input_file>
      <input_file id="fl-31">
         <path>C:\Apps\ti\ccsv5\tools\compiler\c5500_4.4.1\lib\</path>
         <kind>archive</kind>
         <file>rts55x.lib</file>
         <name>autoinit.obj</name>
      </input_file>
      <input_file id="fl-32">
         <path>C:\Apps\ti\ccsv5\tools\compiler\c5500_4.4.1\lib\</path>
         <kind>archive</kind>
         <file>rts55x.lib</file>
         <name>frcmpyd.obj</name>
      </input_file>
   </input_file_list>
   <object_component_list>
      <object_component id="oc-15">
         <name>vectors</name>
         <load_address>0x3198</load_address>
         <run_address>0x3198</run_address>
         <size>0x100</size>
         <input_file_ref idref="fl-2e"/>
      </object_component>
      <object_component id="oc-27">
         <name>.bss</name>
         <uninitialized>true</uninitialized>
         <run_address>0x3150</run_address>
         <size>0x4</size>
         <input_file_ref idref="fl-9"/>
      </object_component>
      <object_component id="oc-32">
         <name>.bss</name>
         <uninitialized>true</uninitialized>
         <run_address>0x3138</run_address>
         <size>0x8</size>
         <input_file_ref idref="fl-b"/>
      </object_component>
      <object_component id="oc-42">
         <name>.bss</name>
         <uninitialized>true</uninitialized>
         <run_address>0x3114</run_address>
         <size>0x24</size>
         <input_file_ref idref="fl-e"/>
      </object_component>
      <object_component id="oc-48">
         <name>.bss</name>
         <uninitialized>true</uninitialized>
         <run_address>0x30c0</run_address>
         <size>0x54</size>
         <input_file_ref idref="fl-f"/>
      </object_component>
      <object_component id="oc-57">
         <name>.bss</name>
         <uninitialized>true</uninitialized>
         <run_address>0x3148</run_address>
         <size>0x8</size>
         <input_file_ref idref="fl-26"/>
      </object_component>
      <object_component id="oc-7f">
         <name>.bss</name>
         <uninitialized>true</uninitialized>
         <run_address>0x3140</run_address>
         <size>0x8</size>
         <input_file_ref idref="fl-2f"/>
      </object_component>
      <object_component id="oc-4e">
         <name>.stack</name>
         <uninitialized>true</uninitialized>
         <run_address>0xc0</run_address>
         <size>0x0</size>
         <input_file_ref idref="fl-24"/>
      </object_component>
      <object_component id="oc-ac">
         <name>.stack</name>
         <uninitialized>true</uninitialized>
         <run_address>0xc0</run_address>
         <size>0x0</size>
      </object_component>
      <object_component id="oc-90">
         <name>.sysstack</name>
         <uninitialized>true</uninitialized>
         <run_address>0x20c0</run_address>
         <size>0x0</size>
         <input_file_ref idref="fl-24"/>
      </object_component>
      <object_component id="oc-ad">
         <name>.sysstack</name>
         <uninitialized>true</uninitialized>
         <run_address>0x20c0</run_address>
         <size>0x0</size>
      </object_component>
      <object_component id="oc-41">
         <name>.text</name>
         <load_address>0x30000</load_address>
         <run_address>0x30000</run_address>
         <size>0xc3c</size>
         <input_file_ref idref="fl-e"/>
      </object_component>
      <object_component id="oc-47">
         <name>.text</name>
         <load_address>0x30c3c</load_address>
         <run_address>0x30c3c</run_address>
         <size>0x9db</size>
         <input_file_ref idref="fl-f"/>
      </object_component>
      <object_component id="oc-3c">
         <name>.text</name>
         <load_address>0x31617</load_address>
         <run_address>0x31617</run_address>
         <size>0x68d</size>
         <input_file_ref idref="fl-d"/>
      </object_component>
      <object_component id="oc-21">
         <name>.text</name>
         <load_address>0x31ca4</load_address>
         <run_address>0x31ca4</run_address>
         <size>0x21a</size>
         <input_file_ref idref="fl-4"/>
      </object_component>
      <object_component id="oc-72">
         <name>.text</name>
         <load_address>0x31ebe</load_address>
         <run_address>0x31ebe</run_address>
         <size>0x14c</size>
         <input_file_ref idref="fl-2c"/>
      </object_component>
      <object_component id="oc-26">
         <name>.text</name>
         <load_address>0x3200a</load_address>
         <run_address>0x3200a</run_address>
         <size>0x107</size>
         <input_file_ref idref="fl-9"/>
      </object_component>
      <object_component id="oc-1b">
         <name>.text</name>
         <load_address>0x32111</load_address>
         <run_address>0x32111</run_address>
         <size>0xbb</size>
         <input_file_ref idref="fl-3"/>
      </object_component>
      <object_component id="oc-52">
         <name>.text</name>
         <load_address>0x321cc</load_address>
         <run_address>0x321cc</run_address>
         <size>0xa1</size>
         <input_file_ref idref="fl-25"/>
      </object_component>
      <object_component id="oc-2c">
         <name>.text</name>
         <load_address>0x3226d</load_address>
         <run_address>0x3226d</run_address>
         <size>0x8e</size>
         <input_file_ref idref="fl-a"/>
      </object_component>
      <object_component id="oc-16">
         <name>.text</name>
         <load_address>0x322fb</load_address>
         <run_address>0x322fb</run_address>
         <size>0x80</size>
         <input_file_ref idref="fl-2"/>
      </object_component>
      <object_component id="oc-31">
         <name>.text</name>
         <load_address>0x3237b</load_address>
         <run_address>0x3237b</run_address>
         <size>0x77</size>
         <input_file_ref idref="fl-b"/>
      </object_component>
      <object_component id="oc-8c">
         <name>.text</name>
         <load_address>0x323f2</load_address>
         <run_address>0x323f2</run_address>
         <size>0x76</size>
         <input_file_ref idref="fl-32"/>
      </object_component>
      <object_component id="oc-76">
         <name>.text</name>
         <load_address>0x32468</load_address>
         <run_address>0x32468</run_address>
         <size>0x72</size>
         <input_file_ref idref="fl-2d"/>
      </object_component>
      <object_component id="oc-61">
         <name>.text</name>
         <load_address>0x324da</load_address>
         <run_address>0x324da</run_address>
         <size>0x6f</size>
         <input_file_ref idref="fl-28"/>
      </object_component>
      <object_component id="oc-69">
         <name>.text</name>
         <load_address>0x32549</load_address>
         <run_address>0x32549</run_address>
         <size>0x67</size>
         <input_file_ref idref="fl-2a"/>
      </object_component>
      <object_component id="oc-37">
         <name>.text</name>
         <load_address>0x325b0</load_address>
         <run_address>0x325b0</run_address>
         <size>0x54</size>
         <input_file_ref idref="fl-c"/>
      </object_component>
      <object_component id="oc-88">
         <name>.text</name>
         <load_address>0x32604</load_address>
         <run_address>0x32604</run_address>
         <size>0x4d</size>
         <input_file_ref idref="fl-31"/>
      </object_component>
      <object_component id="oc-84">
         <name>.text</name>
         <load_address>0x32651</load_address>
         <run_address>0x32651</run_address>
         <size>0x4b</size>
         <input_file_ref idref="fl-30"/>
      </object_component>
      <object_component id="oc-56">
         <name>.text</name>
         <load_address>0x3269c</load_address>
         <run_address>0x3269c</run_address>
         <size>0x3e</size>
         <input_file_ref idref="fl-26"/>
      </object_component>
      <object_component id="oc-14">
         <name>.text</name>
         <load_address>0x326da</load_address>
         <run_address>0x326da</run_address>
         <size>0x34</size>
         <input_file_ref idref="fl-24"/>
      </object_component>
      <object_component id="oc-5d">
         <name>.text</name>
         <load_address>0x3270e</load_address>
         <run_address>0x3270e</run_address>
         <size>0x2a</size>
         <input_file_ref idref="fl-27"/>
      </object_component>
      <object_component id="oc-6e">
         <name>.text</name>
         <load_address>0x32738</load_address>
         <run_address>0x32738</run_address>
         <size>0x13</size>
         <input_file_ref idref="fl-2b"/>
      </object_component>
      <object_component id="oc-7e">
         <name>.text</name>
         <load_address>0x3274b</load_address>
         <run_address>0x3274b</run_address>
         <size>0x12</size>
         <input_file_ref idref="fl-2f"/>
      </object_component>
      <object_component id="oc-65">
         <name>.text</name>
         <load_address>0x3275d</load_address>
         <run_address>0x3275d</run_address>
         <size>0xc</size>
         <input_file_ref idref="fl-29"/>
      </object_component>
      <object_component id="oc-5a">
         <name>.text:CIO_breakpoint</name>
         <load_address>0x32769</load_address>
         <run_address>0x32769</run_address>
         <size>0x7</size>
         <input_file_ref idref="fl-26"/>
      </object_component>
      <object_component id="oc-7a">
         <name>.text</name>
         <load_address>0x32770</load_address>
         <run_address>0x32770</run_address>
         <size>0x2</size>
         <input_file_ref idref="fl-2e"/>
      </object_component>
      <object_component id="oc-81">
         <name>.cinit</name>
         <load_address>0x3154</load_address>
         <run_address>0x3154</run_address>
         <size>0x14</size>
         <input_file_ref idref="fl-2f"/>
      </object_component>
      <object_component id="oc-59">
         <name>.cinit</name>
         <load_address>0x3168</load_address>
         <run_address>0x3168</run_address>
         <size>0x14</size>
         <input_file_ref idref="fl-26"/>
      </object_component>
      <object_component id="oc-4a">
         <name>.cinit</name>
         <load_address>0x317c</load_address>
         <run_address>0x317c</run_address>
         <size>0x10</size>
         <input_file_ref idref="fl-f"/>
      </object_component>
      <object_component id="oc-1d">
         <name>.const</name>
         <load_address>0x3190</load_address>
         <run_address>0x3190</run_address>
         <size>0x4</size>
         <input_file_ref idref="fl-3"/>
      </object_component>
      <object_component id="oc-6b">
         <name>.const</name>
         <load_address>0x3194</load_address>
         <run_address>0x3194</run_address>
         <size>0x4</size>
         <input_file_ref idref="fl-2a"/>
      </object_component>
      <object_component id="oc-17">
         <name>.debug_info</name>
         <load_address>0x0</load_address>
         <run_address>0x0</run_address>
         <size>0x1079</size>
         <input_file_ref idref="fl-2"/>
      </object_component>
      <object_component id="oc-1c">
         <name>.debug_info</name>
         <load_address>0x1079</load_address>
         <run_address>0x1079</run_address>
         <size>0x70b</size>
         <input_file_ref idref="fl-3"/>
      </object_component>
      <object_component id="oc-22">
         <name>.debug_info</name>
         <load_address>0x1784</load_address>
         <run_address>0x1784</run_address>
         <size>0xace</size>
         <input_file_ref idref="fl-4"/>
      </object_component>
      <object_component id="oc-28">
         <name>.debug_info</name>
         <load_address>0x2252</load_address>
         <run_address>0x2252</run_address>
         <size>0x14ef</size>
         <input_file_ref idref="fl-9"/>
      </object_component>
      <object_component id="oc-2d">
         <name>.debug_info</name>
         <load_address>0x3741</load_address>
         <run_address>0x3741</run_address>
         <size>0xa21</size>
         <input_file_ref idref="fl-a"/>
      </object_component>
      <object_component id="oc-33">
         <name>.debug_info</name>
         <load_address>0x4162</load_address>
         <run_address>0x4162</run_address>
         <size>0xede</size>
         <input_file_ref idref="fl-b"/>
      </object_component>
      <object_component id="oc-38">
         <name>.debug_info</name>
         <load_address>0x5040</load_address>
         <run_address>0x5040</run_address>
         <size>0xc69</size>
         <input_file_ref idref="fl-c"/>
      </object_component>
      <object_component id="oc-3d">
         <name>.debug_info</name>
         <load_address>0x5ca9</load_address>
         <run_address>0x5ca9</run_address>
         <size>0x699c</size>
         <input_file_ref idref="fl-d"/>
      </object_component>
      <object_component id="oc-43">
         <name>.debug_info</name>
         <load_address>0xc645</load_address>
         <run_address>0xc645</run_address>
         <size>0x7053</size>
         <input_file_ref idref="fl-e"/>
      </object_component>
      <object_component id="oc-49">
         <name>.debug_info</name>
         <load_address>0x13698</load_address>
         <run_address>0x13698</run_address>
         <size>0x6e6d</size>
         <input_file_ref idref="fl-f"/>
      </object_component>
      <object_component id="oc-4f">
         <name>.debug_info</name>
         <load_address>0x1a505</load_address>
         <run_address>0x1a505</run_address>
         <size>0xe8</size>
         <input_file_ref idref="fl-24"/>
      </object_component>
      <object_component id="oc-53">
         <name>.debug_info</name>
         <load_address>0x1a5ed</load_address>
         <run_address>0x1a5ed</run_address>
         <size>0x534</size>
         <input_file_ref idref="fl-25"/>
      </object_component>
      <object_component id="oc-58">
         <name>.debug_info</name>
         <load_address>0x1ab21</load_address>
         <run_address>0x1ab21</run_address>
         <size>0x5fb</size>
         <input_file_ref idref="fl-26"/>
      </object_component>
      <object_component id="oc-5e">
         <name>.debug_info</name>
         <load_address>0x1b11c</load_address>
         <run_address>0x1b11c</run_address>
         <size>0x4cf</size>
         <input_file_ref idref="fl-27"/>
      </object_component>
      <object_component id="oc-62">
         <name>.debug_info</name>
         <load_address>0x1b5eb</load_address>
         <run_address>0x1b5eb</run_address>
         <size>0x534</size>
         <input_file_ref idref="fl-28"/>
      </object_component>
      <object_component id="oc-66">
         <name>.debug_info</name>
         <load_address>0x1bb1f</load_address>
         <run_address>0x1bb1f</run_address>
         <size>0x4cf</size>
         <input_file_ref idref="fl-29"/>
      </object_component>
      <object_component id="oc-6a">
         <name>.debug_info</name>
         <load_address>0x1bfee</load_address>
         <run_address>0x1bfee</run_address>
         <size>0x549</size>
         <input_file_ref idref="fl-2a"/>
      </object_component>
      <object_component id="oc-6f">
         <name>.debug_info</name>
         <load_address>0x1c537</load_address>
         <run_address>0x1c537</run_address>
         <size>0xbd</size>
         <input_file_ref idref="fl-2b"/>
      </object_component>
      <object_component id="oc-73">
         <name>.debug_info</name>
         <load_address>0x1c5f4</load_address>
         <run_address>0x1c5f4</run_address>
         <size>0x55b</size>
         <input_file_ref idref="fl-2c"/>
      </object_component>
      <object_component id="oc-77">
         <name>.debug_info</name>
         <load_address>0x1cb4f</load_address>
         <run_address>0x1cb4f</run_address>
         <size>0x534</size>
         <input_file_ref idref="fl-2d"/>
      </object_component>
      <object_component id="oc-7b">
         <name>.debug_info</name>
         <load_address>0x1d083</load_address>
         <run_address>0x1d083</run_address>
         <size>0xbc</size>
         <input_file_ref idref="fl-2e"/>
      </object_component>
      <object_component id="oc-80">
         <name>.debug_info</name>
         <load_address>0x1d13f</load_address>
         <run_address>0x1d13f</run_address>
         <size>0x5bc</size>
         <input_file_ref idref="fl-2f"/>
      </object_component>
      <object_component id="oc-85">
         <name>.debug_info</name>
         <load_address>0x1d6fb</load_address>
         <run_address>0x1d6fb</run_address>
         <size>0x586</size>
         <input_file_ref idref="fl-30"/>
      </object_component>
      <object_component id="oc-89">
         <name>.debug_info</name>
         <load_address>0x1dc81</load_address>
         <run_address>0x1dc81</run_address>
         <size>0xcd</size>
         <input_file_ref idref="fl-31"/>
      </object_component>
      <object_component id="oc-8d">
         <name>.debug_info</name>
         <load_address>0x1dd4e</load_address>
         <run_address>0x1dd4e</run_address>
         <size>0x4d2</size>
         <input_file_ref idref="fl-32"/>
      </object_component>
      <object_component id="oc-af">
         <name>.debug_info</name>
         <load_address>0x1e220</load_address>
         <run_address>0x1e220</run_address>
         <size>0x6e</size>
      </object_component>
      <object_component id="oc-18">
         <name>.debug_frame</name>
         <load_address>0x0</load_address>
         <run_address>0x0</run_address>
         <size>0x155</size>
         <input_file_ref idref="fl-2"/>
      </object_component>
      <object_component id="oc-1e">
         <name>.debug_frame</name>
         <load_address>0x155</load_address>
         <run_address>0x155</run_address>
         <size>0xf2</size>
         <input_file_ref idref="fl-3"/>
      </object_component>
      <object_component id="oc-23">
         <name>.debug_frame</name>
         <load_address>0x247</load_address>
         <run_address>0x247</run_address>
         <size>0x101</size>
         <input_file_ref idref="fl-4"/>
      </object_component>
      <object_component id="oc-29">
         <name>.debug_frame</name>
         <load_address>0x348</load_address>
         <run_address>0x348</run_address>
         <size>0x171</size>
         <input_file_ref idref="fl-9"/>
      </object_component>
      <object_component id="oc-2e">
         <name>.debug_frame</name>
         <load_address>0x4b9</load_address>
         <run_address>0x4b9</run_address>
         <size>0x138</size>
         <input_file_ref idref="fl-a"/>
      </object_component>
      <object_component id="oc-34">
         <name>.debug_frame</name>
         <load_address>0x5f1</load_address>
         <run_address>0x5f1</run_address>
         <size>0x138</size>
         <input_file_ref idref="fl-b"/>
      </object_component>
      <object_component id="oc-39">
         <name>.debug_frame</name>
         <load_address>0x729</load_address>
         <run_address>0x729</run_address>
         <size>0x116</size>
         <input_file_ref idref="fl-c"/>
      </object_component>
      <object_component id="oc-3e">
         <name>.debug_frame</name>
         <load_address>0x83f</load_address>
         <run_address>0x83f</run_address>
         <size>0x224</size>
         <input_file_ref idref="fl-d"/>
      </object_component>
      <object_component id="oc-44">
         <name>.debug_frame</name>
         <load_address>0xa63</load_address>
         <run_address>0xa63</run_address>
         <size>0x1ef</size>
         <input_file_ref idref="fl-e"/>
      </object_component>
      <object_component id="oc-4b">
         <name>.debug_frame</name>
         <load_address>0xc52</load_address>
         <run_address>0xc52</run_address>
         <size>0x197</size>
         <input_file_ref idref="fl-f"/>
      </object_component>
      <object_component id="oc-19">
         <name>.debug_line</name>
         <load_address>0x0</load_address>
         <run_address>0x0</run_address>
         <size>0xaa</size>
         <input_file_ref idref="fl-2"/>
      </object_component>
      <object_component id="oc-1f">
         <name>.debug_line</name>
         <load_address>0xaa</load_address>
         <run_address>0xaa</run_address>
         <size>0x63</size>
         <input_file_ref idref="fl-3"/>
      </object_component>
      <object_component id="oc-24">
         <name>.debug_line</name>
         <load_address>0x10d</load_address>
         <run_address>0x10d</run_address>
         <size>0xbf</size>
         <input_file_ref idref="fl-4"/>
      </object_component>
      <object_component id="oc-2a">
         <name>.debug_line</name>
         <load_address>0x1cc</load_address>
         <run_address>0x1cc</run_address>
         <size>0xe6</size>
         <input_file_ref idref="fl-9"/>
      </object_component>
      <object_component id="oc-2f">
         <name>.debug_line</name>
         <load_address>0x2b2</load_address>
         <run_address>0x2b2</run_address>
         <size>0xa7</size>
         <input_file_ref idref="fl-a"/>
      </object_component>
      <object_component id="oc-35">
         <name>.debug_line</name>
         <load_address>0x359</load_address>
         <run_address>0x359</run_address>
         <size>0x9f</size>
         <input_file_ref idref="fl-b"/>
      </object_component>
      <object_component id="oc-3a">
         <name>.debug_line</name>
         <load_address>0x3f8</load_address>
         <run_address>0x3f8</run_address>
         <size>0x82</size>
         <input_file_ref idref="fl-c"/>
      </object_component>
      <object_component id="oc-3f">
         <name>.debug_line</name>
         <load_address>0x47a</load_address>
         <run_address>0x47a</run_address>
         <size>0x4fc</size>
         <input_file_ref idref="fl-d"/>
      </object_component>
      <object_component id="oc-45">
         <name>.debug_line</name>
         <load_address>0x976</load_address>
         <run_address>0x976</run_address>
         <size>0x6a1</size>
         <input_file_ref idref="fl-e"/>
      </object_component>
      <object_component id="oc-4c">
         <name>.debug_line</name>
         <load_address>0x1017</load_address>
         <run_address>0x1017</run_address>
         <size>0x680</size>
         <input_file_ref idref="fl-f"/>
      </object_component>
      <object_component id="oc-50">
         <name>.debug_line</name>
         <load_address>0x1697</load_address>
         <run_address>0x1697</run_address>
         <size>0x54</size>
         <input_file_ref idref="fl-24"/>
      </object_component>
      <object_component id="oc-54">
         <name>.debug_line</name>
         <load_address>0x16eb</load_address>
         <run_address>0x16eb</run_address>
         <size>0x44</size>
         <input_file_ref idref="fl-25"/>
      </object_component>
      <object_component id="oc-5b">
         <name>.debug_line</name>
         <load_address>0x172f</load_address>
         <run_address>0x172f</run_address>
         <size>0x51</size>
         <input_file_ref idref="fl-26"/>
      </object_component>
      <object_component id="oc-5f">
         <name>.debug_line</name>
         <load_address>0x1780</load_address>
         <run_address>0x1780</run_address>
         <size>0x3d</size>
         <input_file_ref idref="fl-27"/>
      </object_component>
      <object_component id="oc-63">
         <name>.debug_line</name>
         <load_address>0x17bd</load_address>
         <run_address>0x17bd</run_address>
         <size>0x3d</size>
         <input_file_ref idref="fl-28"/>
      </object_component>
      <object_component id="oc-67">
         <name>.debug_line</name>
         <load_address>0x17fa</load_address>
         <run_address>0x17fa</run_address>
         <size>0x3d</size>
         <input_file_ref idref="fl-29"/>
      </object_component>
      <object_component id="oc-6c">
         <name>.debug_line</name>
         <load_address>0x1837</load_address>
         <run_address>0x1837</run_address>
         <size>0x44</size>
         <input_file_ref idref="fl-2a"/>
      </object_component>
      <object_component id="oc-70">
         <name>.debug_line</name>
         <load_address>0x187b</load_address>
         <run_address>0x187b</run_address>
         <size>0x3c</size>
         <input_file_ref idref="fl-2b"/>
      </object_component>
      <object_component id="oc-74">
         <name>.debug_line</name>
         <load_address>0x18b7</load_address>
         <run_address>0x18b7</run_address>
         <size>0x3c</size>
         <input_file_ref idref="fl-2c"/>
      </object_component>
      <object_component id="oc-78">
         <name>.debug_line</name>
         <load_address>0x18f3</load_address>
         <run_address>0x18f3</run_address>
         <size>0x44</size>
         <input_file_ref idref="fl-2d"/>
      </object_component>
      <object_component id="oc-7c">
         <name>.debug_line</name>
         <load_address>0x1937</load_address>
         <run_address>0x1937</run_address>
         <size>0x37</size>
         <input_file_ref idref="fl-2e"/>
      </object_component>
      <object_component id="oc-82">
         <name>.debug_line</name>
         <load_address>0x196e</load_address>
         <run_address>0x196e</run_address>
         <size>0x57</size>
         <input_file_ref idref="fl-2f"/>
      </object_component>
      <object_component id="oc-86">
         <name>.debug_line</name>
         <load_address>0x19c5</load_address>
         <run_address>0x19c5</run_address>
         <size>0x41</size>
         <input_file_ref idref="fl-30"/>
      </object_component>
      <object_component id="oc-8a">
         <name>.debug_line</name>
         <load_address>0x1a06</load_address>
         <run_address>0x1a06</run_address>
         <size>0x55</size>
         <input_file_ref idref="fl-31"/>
      </object_component>
      <object_component id="oc-8e">
         <name>.debug_line</name>
         <load_address>0x1a5b</load_address>
         <run_address>0x1a5b</run_address>
         <size>0x3a</size>
         <input_file_ref idref="fl-32"/>
      </object_component>
      <object_component id="oc-1a">
         <name>.debug_abbrev</name>
         <load_address>0x0</load_address>
         <run_address>0x0</run_address>
         <size>0x145</size>
         <input_file_ref idref="fl-2"/>
      </object_component>
      <object_component id="oc-20">
         <name>.debug_abbrev</name>
         <load_address>0x145</load_address>
         <run_address>0x145</run_address>
         <size>0xd8</size>
         <input_file_ref idref="fl-3"/>
      </object_component>
      <object_component id="oc-25">
         <name>.debug_abbrev</name>
         <load_address>0x21d</load_address>
         <run_address>0x21d</run_address>
         <size>0x105</size>
         <input_file_ref idref="fl-4"/>
      </object_component>
      <object_component id="oc-2b">
         <name>.debug_abbrev</name>
         <load_address>0x322</load_address>
         <run_address>0x322</run_address>
         <size>0x164</size>
         <input_file_ref idref="fl-9"/>
      </object_component>
      <object_component id="oc-30">
         <name>.debug_abbrev</name>
         <load_address>0x486</load_address>
         <run_address>0x486</run_address>
         <size>0xd9</size>
         <input_file_ref idref="fl-a"/>
      </object_component>
      <object_component id="oc-36">
         <name>.debug_abbrev</name>
         <load_address>0x55f</load_address>
         <run_address>0x55f</run_address>
         <size>0x122</size>
         <input_file_ref idref="fl-b"/>
      </object_component>
      <object_component id="oc-3b">
         <name>.debug_abbrev</name>
         <load_address>0x681</load_address>
         <run_address>0x681</run_address>
         <size>0x12d</size>
         <input_file_ref idref="fl-c"/>
      </object_component>
      <object_component id="oc-40">
         <name>.debug_abbrev</name>
         <load_address>0x7ae</load_address>
         <run_address>0x7ae</run_address>
         <size>0x1a7</size>
         <input_file_ref idref="fl-d"/>
      </object_component>
      <object_component id="oc-46">
         <name>.debug_abbrev</name>
         <load_address>0x955</load_address>
         <run_address>0x955</run_address>
         <size>0x25d</size>
         <input_file_ref idref="fl-e"/>
      </object_component>
      <object_component id="oc-4d">
         <name>.debug_abbrev</name>
         <load_address>0xbb2</load_address>
         <run_address>0xbb2</run_address>
         <size>0x237</size>
         <input_file_ref idref="fl-f"/>
      </object_component>
      <object_component id="oc-51">
         <name>.debug_abbrev</name>
         <load_address>0xde9</load_address>
         <run_address>0xde9</run_address>
         <size>0x3a</size>
         <input_file_ref idref="fl-24"/>
      </object_component>
      <object_component id="oc-55">
         <name>.debug_abbrev</name>
         <load_address>0xe23</load_address>
         <run_address>0xe23</run_address>
         <size>0xb5</size>
         <input_file_ref idref="fl-25"/>
      </object_component>
      <object_component id="oc-5c">
         <name>.debug_abbrev</name>
         <load_address>0xed8</load_address>
         <run_address>0xed8</run_address>
         <size>0xf7</size>
         <input_file_ref idref="fl-26"/>
      </object_component>
      <object_component id="oc-60">
         <name>.debug_abbrev</name>
         <load_address>0xfcf</load_address>
         <run_address>0xfcf</run_address>
         <size>0x8f</size>
         <input_file_ref idref="fl-27"/>
      </object_component>
      <object_component id="oc-64">
         <name>.debug_abbrev</name>
         <load_address>0x105e</load_address>
         <run_address>0x105e</run_address>
         <size>0xb7</size>
         <input_file_ref idref="fl-28"/>
      </object_component>
      <object_component id="oc-68">
         <name>.debug_abbrev</name>
         <load_address>0x1115</load_address>
         <run_address>0x1115</run_address>
         <size>0x8f</size>
         <input_file_ref idref="fl-29"/>
      </object_component>
      <object_component id="oc-6d">
         <name>.debug_abbrev</name>
         <load_address>0x11a4</load_address>
         <run_address>0x11a4</run_address>
         <size>0xc2</size>
         <input_file_ref idref="fl-2a"/>
      </object_component>
      <object_component id="oc-71">
         <name>.debug_abbrev</name>
         <load_address>0x1266</load_address>
         <run_address>0x1266</run_address>
         <size>0x38</size>
         <input_file_ref idref="fl-2b"/>
      </object_component>
      <object_component id="oc-75">
         <name>.debug_abbrev</name>
         <load_address>0x129e</load_address>
         <run_address>0x129e</run_address>
         <size>0xdc</size>
         <input_file_ref idref="fl-2c"/>
      </object_component>
      <object_component id="oc-79">
         <name>.debug_abbrev</name>
         <load_address>0x137a</load_address>
         <run_address>0x137a</run_address>
         <size>0xb5</size>
         <input_file_ref idref="fl-2d"/>
      </object_component>
      <object_component id="oc-7d">
         <name>.debug_abbrev</name>
         <load_address>0x142f</load_address>
         <run_address>0x142f</run_address>
         <size>0x26</size>
         <input_file_ref idref="fl-2e"/>
      </object_component>
      <object_component id="oc-83">
         <name>.debug_abbrev</name>
         <load_address>0x1455</load_address>
         <run_address>0x1455</run_address>
         <size>0x9f</size>
         <input_file_ref idref="fl-2f"/>
      </object_component>
      <object_component id="oc-87">
         <name>.debug_abbrev</name>
         <load_address>0x14f4</load_address>
         <run_address>0x14f4</run_address>
         <size>0xec</size>
         <input_file_ref idref="fl-30"/>
      </object_component>
      <object_component id="oc-8b">
         <name>.debug_abbrev</name>
         <load_address>0x15e0</load_address>
         <run_address>0x15e0</run_address>
         <size>0x44</size>
         <input_file_ref idref="fl-31"/>
      </object_component>
      <object_component id="oc-8f">
         <name>.debug_abbrev</name>
         <load_address>0x1624</load_address>
         <run_address>0x1624</run_address>
         <size>0x81</size>
         <input_file_ref idref="fl-32"/>
      </object_component>
      <object_component id="oc-b0">
         <name>.debug_abbrev</name>
         <load_address>0x16a5</load_address>
         <run_address>0x16a5</run_address>
         <size>0xd</size>
      </object_component>
   </object_component_list>
   <logical_group_list>
      <logical_group id="lg-2">
         <name>vectors</name>
         <load_address>0x3198</load_address>
         <run_address>0x3198</run_address>
         <size>0x100</size>
         <contents>
            <object_component_ref idref="oc-15"/>
         </contents>
      </logical_group>
      <logical_group id="lg-3">
         <name>.bss</name>
         <run_address>0x30c0</run_address>
         <size>0x94</size>
         <contents>
            <object_component_ref idref="oc-27"/>
            <object_component_ref idref="oc-32"/>
            <object_component_ref idref="oc-42"/>
            <object_component_ref idref="oc-48"/>
            <object_component_ref idref="oc-57"/>
            <object_component_ref idref="oc-7f"/>
         </contents>
      </logical_group>
      <logical_group id="lg-4">
         <name>vector</name>
         <run_address>0x0</run_address>
         <size>0x0</size>
         <contents>
         </contents>
      </logical_group>
      <logical_group id="lg-5">
         <name>.stack</name>
         <run_address>0xc0</run_address>
         <size>0x2000</size>
         <contents>
            <object_component_ref idref="oc-4e"/>
            <object_component_ref idref="oc-ac"/>
         </contents>
      </logical_group>
      <logical_group id="lg-6">
         <name>.sysstack</name>
         <run_address>0x20c0</run_address>
         <size>0x1000</size>
         <contents>
            <object_component_ref idref="oc-90"/>
            <object_component_ref idref="oc-ad"/>
         </contents>
      </logical_group>
      <logical_group id="lg-7">
         <name>.sysmem</name>
         <run_address>0x0</run_address>
         <size>0x0</size>
         <contents>
         </contents>
      </logical_group>
      <logical_group id="lg-8">
         <name>.text</name>
         <load_address>0x30000</load_address>
         <run_address>0x30000</run_address>
         <size>0x2773</size>
         <contents>
            <object_component_ref idref="oc-41"/>
            <object_component_ref idref="oc-47"/>
            <object_component_ref idref="oc-3c"/>
            <object_component_ref idref="oc-21"/>
            <object_component_ref idref="oc-72"/>
            <object_component_ref idref="oc-26"/>
            <object_component_ref idref="oc-1b"/>
            <object_component_ref idref="oc-52"/>
            <object_component_ref idref="oc-2c"/>
            <object_component_ref idref="oc-16"/>
            <object_component_ref idref="oc-31"/>
            <object_component_ref idref="oc-8c"/>
            <object_component_ref idref="oc-76"/>
            <object_component_ref idref="oc-61"/>
            <object_component_ref idref="oc-69"/>
            <object_component_ref idref="oc-37"/>
            <object_component_ref idref="oc-88"/>
            <object_component_ref idref="oc-84"/>
            <object_component_ref idref="oc-56"/>
            <object_component_ref idref="oc-14"/>
            <object_component_ref idref="oc-5d"/>
            <object_component_ref idref="oc-6e"/>
            <object_component_ref idref="oc-7e"/>
            <object_component_ref idref="oc-65"/>
            <object_component_ref idref="oc-5a"/>
            <object_component_ref idref="oc-7a"/>
         </contents>
      </logical_group>
      <logical_group id="lg-9">
         <name>.data</name>
         <run_address>0xc0</run_address>
         <size>0x0</size>
         <contents>
         </contents>
      </logical_group>
      <logical_group id="lg-a">
         <name>.cinit</name>
         <load_address>0x3154</load_address>
         <run_address>0x3154</run_address>
         <size>0x3a</size>
         <contents>
            <object_component_ref idref="oc-81"/>
            <object_component_ref idref="oc-59"/>
            <object_component_ref idref="oc-4a"/>
         </contents>
      </logical_group>
      <logical_group id="lg-b">
         <name>.const</name>
         <load_address>0x3190</load_address>
         <run_address>0x3190</run_address>
         <size>0x8</size>
         <contents>
            <object_component_ref idref="oc-1d"/>
            <object_component_ref idref="oc-6b"/>
         </contents>
      </logical_group>
      <logical_group id="lg-c">
         <name>.cio</name>
         <run_address>0x0</run_address>
         <size>0x0</size>
         <contents>
         </contents>
      </logical_group>
      <logical_group id="lg-d">
         <name>.usect</name>
         <run_address>0x0</run_address>
         <size>0x0</size>
         <contents>
         </contents>
      </logical_group>
      <logical_group id="lg-e">
         <name>.switch</name>
         <run_address>0x0</run_address>
         <size>0x0</size>
         <contents>
         </contents>
      </logical_group>
      <logical_group id="lg-f">
         <name>.emif_cs0</name>
         <run_address>0x0</run_address>
         <size>0x0</size>
         <contents>
         </contents>
      </logical_group>
      <logical_group id="lg-10">
         <name>.emif_cs2</name>
         <run_address>0x0</run_address>
         <size>0x0</size>
         <contents>
         </contents>
      </logical_group>
      <logical_group id="lg-11">
         <name>.emif_cs3</name>
         <run_address>0x0</run_address>
         <size>0x0</size>
         <contents>
         </contents>
      </logical_group>
      <logical_group id="lg-12">
         <name>.emif_cs4</name>
         <run_address>0x0</run_address>
         <size>0x0</size>
         <contents>
         </contents>
      </logical_group>
      <logical_group id="lg-13">
         <name>.emif_cs5</name>
         <run_address>0x0</run_address>
         <size>0x0</size>
         <contents>
         </contents>
      </logical_group>
      <logical_group id="lg-a3">
         <name>.debug_info</name>
         <load_address>0x0</load_address>
         <run_address>0x0</run_address>
         <size>0x1e28e</size>
         <contents>
            <object_component_ref idref="oc-17"/>
            <object_component_ref idref="oc-1c"/>
            <object_component_ref idref="oc-22"/>
            <object_component_ref idref="oc-28"/>
            <object_component_ref idref="oc-2d"/>
            <object_component_ref idref="oc-33"/>
            <object_component_ref idref="oc-38"/>
            <object_component_ref idref="oc-3d"/>
            <object_component_ref idref="oc-43"/>
            <object_component_ref idref="oc-49"/>
            <object_component_ref idref="oc-4f"/>
            <object_component_ref idref="oc-53"/>
            <object_component_ref idref="oc-58"/>
            <object_component_ref idref="oc-5e"/>
            <object_component_ref idref="oc-62"/>
            <object_component_ref idref="oc-66"/>
            <object_component_ref idref="oc-6a"/>
            <object_component_ref idref="oc-6f"/>
            <object_component_ref idref="oc-73"/>
            <object_component_ref idref="oc-77"/>
            <object_component_ref idref="oc-7b"/>
            <object_component_ref idref="oc-80"/>
            <object_component_ref idref="oc-85"/>
            <object_component_ref idref="oc-89"/>
            <object_component_ref idref="oc-8d"/>
            <object_component_ref idref="oc-af"/>
         </contents>
      </logical_group>
      <logical_group id="lg-a5">
         <name>.debug_frame</name>
         <load_address>0x0</load_address>
         <run_address>0x0</run_address>
         <size>0xde9</size>
         <contents>
            <object_component_ref idref="oc-18"/>
            <object_component_ref idref="oc-1e"/>
            <object_component_ref idref="oc-23"/>
            <object_component_ref idref="oc-29"/>
            <object_component_ref idref="oc-2e"/>
            <object_component_ref idref="oc-34"/>
            <object_component_ref idref="oc-39"/>
            <object_component_ref idref="oc-3e"/>
            <object_component_ref idref="oc-44"/>
            <object_component_ref idref="oc-4b"/>
         </contents>
      </logical_group>
      <logical_group id="lg-a7">
         <name>.debug_line</name>
         <load_address>0x0</load_address>
         <run_address>0x0</run_address>
         <size>0x1a95</size>
         <contents>
            <object_component_ref idref="oc-19"/>
            <object_component_ref idref="oc-1f"/>
            <object_component_ref idref="oc-24"/>
            <object_component_ref idref="oc-2a"/>
            <object_component_ref idref="oc-2f"/>
            <object_component_ref idref="oc-35"/>
            <object_component_ref idref="oc-3a"/>
            <object_component_ref idref="oc-3f"/>
            <object_component_ref idref="oc-45"/>
            <object_component_ref idref="oc-4c"/>
            <object_component_ref idref="oc-50"/>
            <object_component_ref idref="oc-54"/>
            <object_component_ref idref="oc-5b"/>
            <object_component_ref idref="oc-5f"/>
            <object_component_ref idref="oc-63"/>
            <object_component_ref idref="oc-67"/>
            <object_component_ref idref="oc-6c"/>
            <object_component_ref idref="oc-70"/>
            <object_component_ref idref="oc-74"/>
            <object_component_ref idref="oc-78"/>
            <object_component_ref idref="oc-7c"/>
            <object_component_ref idref="oc-82"/>
            <object_component_ref idref="oc-86"/>
            <object_component_ref idref="oc-8a"/>
            <object_component_ref idref="oc-8e"/>
         </contents>
      </logical_group>
      <logical_group id="lg-a9">
         <name>.debug_abbrev</name>
         <load_address>0x0</load_address>
         <run_address>0x0</run_address>
         <size>0x16b2</size>
         <contents>
            <object_component_ref idref="oc-1a"/>
            <object_component_ref idref="oc-20"/>
            <object_component_ref idref="oc-25"/>
            <object_component_ref idref="oc-2b"/>
            <object_component_ref idref="oc-30"/>
            <object_component_ref idref="oc-36"/>
            <object_component_ref idref="oc-3b"/>
            <object_component_ref idref="oc-40"/>
            <object_component_ref idref="oc-46"/>
            <object_component_ref idref="oc-4d"/>
            <object_component_ref idref="oc-51"/>
            <object_component_ref idref="oc-55"/>
            <object_component_ref idref="oc-5c"/>
            <object_component_ref idref="oc-60"/>
            <object_component_ref idref="oc-64"/>
            <object_component_ref idref="oc-68"/>
            <object_component_ref idref="oc-6d"/>
            <object_component_ref idref="oc-71"/>
            <object_component_ref idref="oc-75"/>
            <object_component_ref idref="oc-79"/>
            <object_component_ref idref="oc-7d"/>
            <object_component_ref idref="oc-83"/>
            <object_component_ref idref="oc-87"/>
            <object_component_ref idref="oc-8b"/>
            <object_component_ref idref="oc-8f"/>
            <object_component_ref idref="oc-b0"/>
         </contents>
      </logical_group>
   </logical_group_list>
   <placement_map>
      <memory_area>
         <name>MMR</name>
         <page_id>0x0</page_id>
         <origin>0x0</origin>
         <length>0xc0</length>
         <used_space>0x0</used_space>
         <unused_space>0xc0</unused_space>
         <attributes>RW</attributes>
         <usage_details>
         </usage_details>
      </memory_area>
      <memory_area>
         <name>DARAM</name>
         <page_id>0x0</page_id>
         <origin>0xc0</origin>
         <length>0xff40</length>
         <used_space>0x31d6</used_space>
         <unused_space>0xcd6a</unused_space>
         <attributes>RW</attributes>
         <usage_details>
            <allocated_space>
               <start_address>0xc0</start_address>
               <size>0x0</size>
               <logical_group_ref idref="lg-9"/>
            </allocated_space>
            <allocated_space>
               <start_address>0xc0</start_address>
               <size>0x2000</size>
               <logical_group_ref idref="lg-5"/>
            </allocated_space>
            <allocated_space>
               <start_address>0x20c0</start_address>
               <size>0x1000</size>
               <logical_group_ref idref="lg-6"/>
            </allocated_space>
            <allocated_space>
               <start_address>0x30c0</start_address>
               <size>0x94</size>
               <logical_group_ref idref="lg-3"/>
            </allocated_space>
            <allocated_space>
               <start_address>0x3154</start_address>
               <size>0x3a</size>
               <logical_group_ref idref="lg-a"/>
            </allocated_space>
            <available_space>
               <start_address>0x318e</start_address>
               <size>0x2</size>
            </available_space>
            <allocated_space>
               <start_address>0x3190</start_address>
               <size>0x8</size>
               <logical_group_ref idref="lg-b"/>
            </allocated_space>
            <allocated_space>
               <start_address>0x3198</start_address>
               <size>0x100</size>
               <logical_group_ref idref="lg-2"/>
            </allocated_space>
            <available_space>
               <start_address>0x3298</start_address>
               <size>0xcd68</size>
            </available_space>
         </usage_details>
      </memory_area>
      <memory_area>
         <name>SARAM</name>
         <page_id>0x0</page_id>
         <origin>0x30000</origin>
         <length>0x1e000</length>
         <used_space>0x2773</used_space>
         <unused_space>0x1b88d</unused_space>
         <attributes>RW</attributes>
         <usage_details>
            <allocated_space>
               <start_address>0x30000</start_address>
               <size>0x2773</size>
               <logical_group_ref idref="lg-8"/>
            </allocated_space>
            <available_space>
               <start_address>0x32773</start_address>
               <size>0x1b88d</size>
            </available_space>
         </usage_details>
      </memory_area>
      <memory_area>
         <name>EMIF_CS0</name>
         <page_id>0x0</page_id>
         <origin>0x50000</origin>
         <length>0x7b0000</length>
         <used_space>0x0</used_space>
         <unused_space>0x7b0000</unused_space>
         <attributes>RW</attributes>
         <usage_details>
         </usage_details>
      </memory_area>
      <memory_area>
         <name>EMIF_CS2</name>
         <page_id>0x0</page_id>
         <origin>0x800000</origin>
         <length>0x400000</length>
         <used_space>0x0</used_space>
         <unused_space>0x400000</unused_space>
         <attributes>RW</attributes>
         <usage_details>
         </usage_details>
      </memory_area>
      <memory_area>
         <name>EMIF_CS3</name>
         <page_id>0x0</page_id>
         <origin>0xc00000</origin>
         <length>0x200000</length>
         <used_space>0x0</used_space>
         <unused_space>0x200000</unused_space>
         <attributes>RW</attributes>
         <usage_details>
         </usage_details>
      </memory_area>
      <memory_area>
         <name>EMIF_CS4</name>
         <page_id>0x0</page_id>
         <origin>0xe00000</origin>
         <length>0x100000</length>
         <used_space>0x0</used_space>
         <unused_space>0x100000</unused_space>
         <attributes>RW</attributes>
         <usage_details>
         </usage_details>
      </memory_area>
      <memory_area>
         <name>EMIF_CS5</name>
         <page_id>0x0</page_id>
         <origin>0xf00000</origin>
         <length>0xe0000</length>
         <used_space>0x0</used_space>
         <unused_space>0xe0000</unused_space>
         <attributes>RW</attributes>
         <usage_details>
         </usage_details>
      </memory_area>
      <memory_area>
         <name>SAROM_0</name>
         <page_id>0x0</page_id>
         <origin>0xfe0000</origin>
         <length>0x8000</length>
         <used_space>0x0</used_space>
         <unused_space>0x8000</unused_space>
         <attributes>RX</attributes>
         <usage_details>
         </usage_details>
      </memory_area>
      <memory_area>
         <name>SAROM_1</name>
         <page_id>0x0</page_id>
         <origin>0xfe8000</origin>
         <length>0x8000</length>
         <used_space>0x0</used_space>
         <unused_space>0x8000</unused_space>
         <attributes>RX</attributes>
         <usage_details>
         </usage_details>
      </memory_area>
      <memory_area>
         <name>SAROM_2</name>
         <page_id>0x0</page_id>
         <origin>0xff0000</origin>
         <length>0x8000</length>
         <used_space>0x0</used_space>
         <unused_space>0x8000</unused_space>
         <attributes>RX</attributes>
         <usage_details>
         </usage_details>
      </memory_area>
      <memory_area>
         <name>SAROM_3</name>
         <page_id>0x0</page_id>
         <origin>0xff8000</origin>
         <length>0x8000</length>
         <used_space>0x0</used_space>
         <unused_space>0x8000</unused_space>
         <attributes>RX</attributes>
         <usage_details>
         </usage_details>
      </memory_area>
   </placement_map>
   <symbol_table>
      <symbol id="sm-0">
         <name>$TI_capability$C5500$CallingConvention</name>
         <value>0x2</value>
      </symbol>
      <symbol id="sm-1">
         <name>$TI_capability$C5500$MemoryModel</name>
         <value>0x2</value>
      </symbol>
      <symbol id="sm-2">
         <name>$TI_capability_requires_rev3</name>
         <value>0x1</value>
      </symbol>
      <symbol id="sm-3">
         <name>cinit</name>
         <value>0x3154</value>
      </symbol>
      <symbol id="sm-4">
         <name>___cinit__</name>
         <value>0x3154</value>
      </symbol>
      <symbol id="sm-5">
         <name>pinit</name>
         <value>0xffffffff</value>
      </symbol>
      <symbol id="sm-6">
         <name>___pinit__</name>
         <value>0xffffffff</value>
      </symbol>
      <symbol id="sm-7">
         <name>binit</name>
         <value>0xffffffff</value>
      </symbol>
      <symbol id="sm-8">
         <name>___binit__</name>
         <value>0xffffffff</value>
      </symbol>
      <symbol id="sm-9">
         <name>__STACK_SIZE</name>
         <value>0x2000</value>
      </symbol>
      <symbol id="sm-a">
         <name>__STACK_END</name>
         <value>0x20c0</value>
      </symbol>
      <symbol id="sm-b">
         <name>___c_args__</name>
         <value>0xffffffff</value>
      </symbol>
      <symbol id="sm-c">
         <name>__SYSSTACK_SIZE</name>
         <value>0x1000</value>
      </symbol>
      <symbol id="sm-d">
         <name>.text</name>
         <value>0x30000</value>
      </symbol>
      <symbol id="sm-e">
         <name>___text__</name>
         <value>0x30000</value>
      </symbol>
      <symbol id="sm-f">
         <name>etext</name>
         <value>0x32773</value>
      </symbol>
      <symbol id="sm-10">
         <name>___etext__</name>
         <value>0x32773</value>
      </symbol>
      <symbol id="sm-11">
         <name>.data</name>
         <value>0xc0</value>
      </symbol>
      <symbol id="sm-12">
         <name>___data__</name>
         <value>0xc0</value>
      </symbol>
      <symbol id="sm-13">
         <name>edata</name>
         <value>0xc0</value>
      </symbol>
      <symbol id="sm-14">
         <name>___edata__</name>
         <value>0xc0</value>
      </symbol>
      <symbol id="sm-15">
         <name>.bss</name>
         <value>0x30c0</value>
      </symbol>
      <symbol id="sm-16">
         <name>___bss__</name>
         <value>0x30c0</value>
      </symbol>
      <symbol id="sm-17">
         <name>end</name>
         <value>0x3154</value>
      </symbol>
      <symbol id="sm-18">
         <name>___end__</name>
         <value>0x3154</value>
      </symbol>
      <symbol id="sm-4e">
         <name>_write_right</name>
         <value>0x32363</value>
         <object_component_ref idref="oc-16"/>
      </symbol>
      <symbol id="sm-4f">
         <name>_write_left</name>
         <value>0x3236f</value>
         <object_component_ref idref="oc-16"/>
      </symbol>
      <symbol id="sm-50">
         <name>_read_left</name>
         <value>0x32354</value>
         <object_component_ref idref="oc-16"/>
      </symbol>
      <symbol id="sm-51">
         <name>_read_right</name>
         <value>0x32345</value>
         <object_component_ref idref="oc-16"/>
      </symbol>
      <symbol id="sm-52">
         <name>_Init_USBSTK5505</name>
         <value>0x322fb</value>
         <object_component_ref idref="oc-16"/>
      </symbol>
      <symbol id="sm-68">
         <name>_main</name>
         <value>0x32111</value>
         <object_component_ref idref="oc-1b"/>
      </symbol>
      <symbol id="sm-79">
         <name>_AIC3204_rset</name>
         <value>0x31ca4</value>
         <object_component_ref idref="oc-21"/>
      </symbol>
      <symbol id="sm-7a">
         <name>_Init_AIC3204</name>
         <value>0x31cce</value>
         <object_component_ref idref="oc-21"/>
      </symbol>
      <symbol id="sm-8e">
         <name>_USBSTK5505_I2S_writeRight</name>
         <value>0x320e3</value>
         <object_component_ref idref="oc-26"/>
      </symbol>
      <symbol id="sm-8f">
         <name>_USBSTK5505_I2S_readLeft</name>
         <value>0x32063</value>
         <object_component_ref idref="oc-26"/>
      </symbol>
      <symbol id="sm-90">
         <name>_USBSTK5505_I2S_readRight</name>
         <value>0x320c2</value>
         <object_component_ref idref="oc-26"/>
      </symbol>
      <symbol id="sm-91">
         <name>_USBSTK5505_I2S_close</name>
         <value>0x320ff</value>
         <object_component_ref idref="oc-26"/>
      </symbol>
      <symbol id="sm-92">
         <name>_USBSTK5505_I2S_writeLeft</name>
         <value>0x32095</value>
         <object_component_ref idref="oc-26"/>
      </symbol>
      <symbol id="sm-93">
         <name>_USBSTK5505_I2S_init</name>
         <value>0x3200a</value>
         <object_component_ref idref="oc-26"/>
      </symbol>
      <symbol id="sm-94">
         <name>_hI2s</name>
         <value>0x3150</value>
         <object_component_ref idref="oc-27"/>
      </symbol>
      <symbol id="sm-9e">
         <name>_USBSTK5505_I2C_reset</name>
         <value>0x322a2</value>
         <object_component_ref idref="oc-2c"/>
      </symbol>
      <symbol id="sm-9f">
         <name>_USBSTK5505_I2C_read</name>
         <value>0x322d3</value>
         <object_component_ref idref="oc-2c"/>
      </symbol>
      <symbol id="sm-a0">
         <name>_USBSTK5505_I2C_write</name>
         <value>0x322ad</value>
         <object_component_ref idref="oc-2c"/>
      </symbol>
      <symbol id="sm-a1">
         <name>_USBSTK5505_I2C_init</name>
         <value>0x3226d</value>
         <object_component_ref idref="oc-2c"/>
      </symbol>
      <symbol id="sm-ad">
         <name>_USBSTK5505_GPIO_setOutput</name>
         <value>0x323ba</value>
         <object_component_ref idref="oc-31"/>
      </symbol>
      <symbol id="sm-ae">
         <name>_USBSTK5505_GPIO_init</name>
         <value>0x3237b</value>
         <object_component_ref idref="oc-31"/>
      </symbol>
      <symbol id="sm-af">
         <name>_USBSTK5505_GPIO_setDirection</name>
         <value>0x32396</value>
         <object_component_ref idref="oc-31"/>
      </symbol>
      <symbol id="sm-b0">
         <name>_USBSTK5505_GPIO_getInput</name>
         <value>0x323d4</value>
         <object_component_ref idref="oc-31"/>
      </symbol>
      <symbol id="sm-b1">
         <name>_GpioObj</name>
         <value>0x3138</value>
         <object_component_ref idref="oc-32"/>
      </symbol>
      <symbol id="sm-b2">
         <name>_hGpio</name>
         <value>0x313c</value>
         <object_component_ref idref="oc-32"/>
      </symbol>
      <symbol id="sm-c0">
         <name>_USBSTK5505_waitusec</name>
         <value>0x325e4</value>
         <object_component_ref idref="oc-37"/>
      </symbol>
      <symbol id="sm-c1">
         <name>_USBSTK5505_wait</name>
         <value>0x325b0</value>
         <object_component_ref idref="oc-37"/>
      </symbol>
      <symbol id="sm-c2">
         <name>_USBSTK5505_init</name>
         <value>0x325f6</value>
         <object_component_ref idref="oc-37"/>
      </symbol>
      <symbol id="sm-107">
         <name>_GPIO_write</name>
         <value>0x3180f</value>
         <object_component_ref idref="oc-3c"/>
      </symbol>
      <symbol id="sm-108">
         <name>_GPIO_read</name>
         <value>0x3178c</value>
         <object_component_ref idref="oc-3c"/>
      </symbol>
      <symbol id="sm-109">
         <name>_GPIO_close</name>
         <value>0x3165b</value>
         <object_component_ref idref="oc-3c"/>
      </symbol>
      <symbol id="sm-10a">
         <name>_GPIO_enableInt</name>
         <value>0x31a78</value>
         <object_component_ref idref="oc-3c"/>
      </symbol>
      <symbol id="sm-10b">
         <name>_GPIO_clearInt</name>
         <value>0x31b02</value>
         <object_component_ref idref="oc-3c"/>
      </symbol>
      <symbol id="sm-10c">
         <name>_GPIO_statusBit</name>
         <value>0x31b8e</value>
         <object_component_ref idref="oc-3c"/>
      </symbol>
      <symbol id="sm-10d">
         <name>_GPIO_configBit</name>
         <value>0x318b2</value>
         <object_component_ref idref="oc-3c"/>
      </symbol>
      <symbol id="sm-10e">
         <name>_GPIO_reset</name>
         <value>0x31c15</value>
         <object_component_ref idref="oc-3c"/>
      </symbol>
      <symbol id="sm-10f">
         <name>_GPIO_getConfig</name>
         <value>0x31704</value>
         <object_component_ref idref="oc-3c"/>
      </symbol>
      <symbol id="sm-110">
         <name>_GPIO_disableInt</name>
         <value>0x319fa</value>
         <object_component_ref idref="oc-3c"/>
      </symbol>
      <symbol id="sm-111">
         <name>_GPIO_config</name>
         <value>0x3167f</value>
         <object_component_ref idref="oc-3c"/>
      </symbol>
      <symbol id="sm-112">
         <name>_GPIO_open</name>
         <value>0x31617</value>
         <object_component_ref idref="oc-3c"/>
      </symbol>
      <symbol id="sm-18f">
         <name>_I2C_eventEnable</name>
         <value>0x30940</value>
         <object_component_ref idref="oc-41"/>
      </symbol>
      <symbol id="sm-190">
         <name>_I2C_setCallback</name>
         <value>0x30b93</value>
         <object_component_ref idref="oc-41"/>
      </symbol>
      <symbol id="sm-191">
         <name>_I2C_init</name>
         <value>0x30000</value>
         <object_component_ref idref="oc-41"/>
      </symbol>
      <symbol id="sm-192">
         <name>_I2C_config</name>
         <value>0x300a9</value>
         <object_component_ref idref="oc-41"/>
      </symbol>
      <symbol id="sm-193">
         <name>_gI2cObj</name>
         <value>0x3114</value>
         <object_component_ref idref="oc-42"/>
      </symbol>
      <symbol id="sm-194">
         <name>_I2C_getConfig</name>
         <value>0x3020e</value>
         <object_component_ref idref="oc-41"/>
      </symbol>
      <symbol id="sm-195">
         <name>_I2C_setup</name>
         <value>0x302e4</value>
         <object_component_ref idref="oc-41"/>
      </symbol>
      <symbol id="sm-196">
         <name>_I2C_write</name>
         <value>0x304de</value>
         <object_component_ref idref="oc-41"/>
      </symbol>
      <symbol id="sm-197">
         <name>_I2C_read</name>
         <value>0x30722</value>
         <object_component_ref idref="oc-41"/>
      </symbol>
      <symbol id="sm-198">
         <name>_I2C_eventDisable</name>
         <value>0x30a74</value>
         <object_component_ref idref="oc-41"/>
      </symbol>
      <symbol id="sm-199">
         <name>_I2C_getEventId</name>
         <value>0x30c20</value>
         <object_component_ref idref="oc-41"/>
      </symbol>
      <symbol id="sm-19a">
         <name>_i2cHandle</name>
         <value>0x3134</value>
         <object_component_ref idref="oc-42"/>
      </symbol>
      <symbol id="sm-23f">
         <name>_I2S_write</name>
         <value>0x313cb</value>
         <object_component_ref idref="oc-47"/>
      </symbol>
      <symbol id="sm-240">
         <name>_I2S_read</name>
         <value>0x31111</value>
         <object_component_ref idref="oc-47"/>
      </symbol>
      <symbol id="sm-241">
         <name>_I2S_close</name>
         <value>0x31066</value>
         <object_component_ref idref="oc-47"/>
      </symbol>
      <symbol id="sm-242">
         <name>_ouError</name>
         <value>0x3112</value>
         <object_component_ref idref="oc-48"/>
      </symbol>
      <symbol id="sm-243">
         <name>_I2S_reset</name>
         <value>0x31521</value>
         <object_component_ref idref="oc-47"/>
      </symbol>
      <symbol id="sm-244">
         <name>_I2S_setup</name>
         <value>0x30d7f</value>
         <object_component_ref idref="oc-47"/>
      </symbol>
      <symbol id="sm-245">
         <name>_fsError</name>
         <value>0x3110</value>
         <object_component_ref idref="oc-48"/>
      </symbol>
      <symbol id="sm-246">
         <name>_I2S_open</name>
         <value>0x30c3c</value>
         <object_component_ref idref="oc-47"/>
      </symbol>
      <symbol id="sm-247">
         <name>_I2S_transEnable</name>
         <value>0x315cc</value>
         <object_component_ref idref="oc-47"/>
      </symbol>
      <symbol id="sm-253">
         <name>__sysstack</name>
         <value>0x20c0</value>
         <object_component_ref idref="oc-90"/>
      </symbol>
      <symbol id="sm-254">
         <name>_c_int00</name>
         <value>0x326da</value>
         <object_component_ref idref="oc-14"/>
      </symbol>
      <symbol id="sm-255">
         <name>__stack</name>
         <value>0xc0</value>
         <object_component_ref idref="oc-4e"/>
      </symbol>
      <symbol id="sm-260">
         <name>__divul</name>
         <value>0x321cc</value>
         <object_component_ref idref="oc-52"/>
      </symbol>
      <symbol id="sm-270">
         <name>C$$EXIT</name>
         <value>0x3276a</value>
         <object_component_ref idref="oc-5a"/>
      </symbol>
      <symbol id="sm-271">
         <name>_exit</name>
         <value>0x3269c</value>
         <object_component_ref idref="oc-56"/>
      </symbol>
      <symbol id="sm-272">
         <name>_abort</name>
         <value>0x32769</value>
         <object_component_ref idref="oc-5a"/>
      </symbol>
      <symbol id="sm-273">
         <name>__cleanup_ptr</name>
         <value>0x3148</value>
         <object_component_ref idref="oc-57"/>
      </symbol>
      <symbol id="sm-274">
         <name>__dtors_ptr</name>
         <value>0x314c</value>
         <object_component_ref idref="oc-57"/>
      </symbol>
      <symbol id="sm-27e">
         <name>__fixdi</name>
         <value>0x3270e</value>
         <object_component_ref idref="oc-5d"/>
      </symbol>
      <symbol id="sm-288">
         <name>__fixdli</name>
         <value>0x324da</value>
         <object_component_ref idref="oc-61"/>
      </symbol>
      <symbol id="sm-292">
         <name>__fltid</name>
         <value>0x3275d</value>
         <object_component_ref idref="oc-65"/>
      </symbol>
      <symbol id="sm-29e">
         <name>__fltlid</name>
         <value>0x32549</value>
         <object_component_ref idref="oc-69"/>
      </symbol>
      <symbol id="sm-2a6">
         <name>__mpyli</name>
         <value>0x32738</value>
         <object_component_ref idref="oc-6e"/>
      </symbol>
      <symbol id="sm-2a7">
         <name>I$$LMPY</name>
         <value>0x32738</value>
         <object_component_ref idref="oc-6e"/>
      </symbol>
      <symbol id="sm-2b1">
         <name>__mpyd</name>
         <value>0x31ebe</value>
         <object_component_ref idref="oc-72"/>
      </symbol>
      <symbol id="sm-2bc">
         <name>__remul</name>
         <value>0x32468</value>
         <object_component_ref idref="oc-76"/>
      </symbol>
      <symbol id="sm-2c6">
         <name>_Reset</name>
         <value>0x3198</value>
         <object_component_ref idref="oc-15"/>
      </symbol>
      <symbol id="sm-2d4">
         <name>__unlock</name>
         <value>0x3144</value>
         <object_component_ref idref="oc-7f"/>
      </symbol>
      <symbol id="sm-2d5">
         <name>__lock</name>
         <value>0x3140</value>
         <object_component_ref idref="oc-7f"/>
      </symbol>
      <symbol id="sm-2d6">
         <name>__register_lock</name>
         <value>0x32753</value>
         <object_component_ref idref="oc-7e"/>
      </symbol>
      <symbol id="sm-2d7">
         <name>__nop</name>
         <value>0x3275b</value>
         <object_component_ref idref="oc-7e"/>
      </symbol>
      <symbol id="sm-2d8">
         <name>__register_unlock</name>
         <value>0x3274b</value>
         <object_component_ref idref="oc-7e"/>
      </symbol>
      <symbol id="sm-2e2">
         <name>__args_main</name>
         <value>0x32651</value>
         <object_component_ref idref="oc-84"/>
      </symbol>
      <symbol id="sm-2e3">
         <name>__TI_args_main</name>
         <value>0x1</value>
      </symbol>
      <symbol id="sm-2eb">
         <name>_auto_init</name>
         <value>0x32604</value>
         <object_component_ref idref="oc-88"/>
      </symbol>
      <symbol id="sm-2f5">
         <name>__frcmpyd</name>
         <value>0x323f2</value>
         <object_component_ref idref="oc-8c"/>
      </symbol>
   </symbol_table>
</link_info>
