<?xml version="1.0"?>
<link_info>
   <banner>TMS320C55x Linker PC v4.4.1</banner>
   <copyright>Copyright (c) 1996-2012 Texas Instruments Incorporated</copyright>
   <link_time>0x57352d26</link_time>
   <output_file>Lab_3.out</output_file>
   <entry_point>
      <name>_c_int00</name>
      <address>0x337e1</address>
   </entry_point>
   <input_file_list>
      <input_file id="fl-2">
         <path>.\</path>
         <kind>object</kind>
         <file>initAIC3204.obj</file>
         <name>initAIC3204.obj</name>
      </input_file>
      <input_file id="fl-3">
         <path>.\</path>
         <kind>object</kind>
         <file>main.obj</file>
         <name>main.obj</name>
      </input_file>
      <input_file id="fl-8">
         <path>..\lib\</path>
         <kind>archive</kind>
         <file>USBSTK_bsl.lib</file>
         <name>usbstk5505_led.obj</name>
      </input_file>
      <input_file id="fl-9">
         <path>..\lib\</path>
         <kind>archive</kind>
         <file>USBSTK_bsl.lib</file>
         <name>usbstk5505_i2s.obj</name>
      </input_file>
      <input_file id="fl-a">
         <path>..\lib\</path>
         <kind>archive</kind>
         <file>USBSTK_bsl.lib</file>
         <name>usbstk5505_i2c.obj</name>
      </input_file>
      <input_file id="fl-b">
         <path>..\lib\</path>
         <kind>archive</kind>
         <file>USBSTK_bsl.lib</file>
         <name>usbstk5505_gpio.obj</name>
      </input_file>
      <input_file id="fl-c">
         <path>..\lib\</path>
         <kind>archive</kind>
         <file>USBSTK_bsl.lib</file>
         <name>usbstk5505.obj</name>
      </input_file>
      <input_file id="fl-d">
         <path>..\lib\</path>
         <kind>archive</kind>
         <file>C55xx_csl.lib</file>
         <name>csl_gpio.obj</name>
      </input_file>
      <input_file id="fl-e">
         <path>..\lib\</path>
         <kind>archive</kind>
         <file>C55xx_csl.lib</file>
         <name>csl_i2c.obj</name>
      </input_file>
      <input_file id="fl-f">
         <path>..\lib\</path>
         <kind>archive</kind>
         <file>C55xx_csl.lib</file>
         <name>csl_i2s.obj</name>
      </input_file>
      <input_file id="fl-24">
         <path>C:\ti\ccsv6\tools\compiler\c5500_4.4.1\lib\</path>
         <kind>archive</kind>
         <file>rts55x.lib</file>
         <name>addd.obj</name>
      </input_file>
      <input_file id="fl-25">
         <path>C:\ti\ccsv6\tools\compiler\c5500_4.4.1\lib\</path>
         <kind>archive</kind>
         <file>rts55x.lib</file>
         <name>boot.obj</name>
      </input_file>
      <input_file id="fl-26">
         <path>C:\ti\ccsv6\tools\compiler\c5500_4.4.1\lib\</path>
         <kind>archive</kind>
         <file>rts55x.lib</file>
         <name>cos.obj</name>
      </input_file>
      <input_file id="fl-27">
         <path>C:\ti\ccsv6\tools\compiler\c5500_4.4.1\lib\</path>
         <kind>archive</kind>
         <file>rts55x.lib</file>
         <name>divd.obj</name>
      </input_file>
      <input_file id="fl-28">
         <path>C:\ti\ccsv6\tools\compiler\c5500_4.4.1\lib\</path>
         <kind>archive</kind>
         <file>rts55x.lib</file>
         <name>divul.obj</name>
      </input_file>
      <input_file id="fl-29">
         <path>C:\ti\ccsv6\tools\compiler\c5500_4.4.1\lib\</path>
         <kind>archive</kind>
         <file>rts55x.lib</file>
         <name>exit.obj</name>
      </input_file>
      <input_file id="fl-2a">
         <path>C:\ti\ccsv6\tools\compiler\c5500_4.4.1\lib\</path>
         <kind>archive</kind>
         <file>rts55x.lib</file>
         <name>fixdi.obj</name>
      </input_file>
      <input_file id="fl-2b">
         <path>C:\ti\ccsv6\tools\compiler\c5500_4.4.1\lib\</path>
         <kind>archive</kind>
         <file>rts55x.lib</file>
         <name>fixdli.obj</name>
      </input_file>
      <input_file id="fl-2c">
         <path>C:\ti\ccsv6\tools\compiler\c5500_4.4.1\lib\</path>
         <kind>archive</kind>
         <file>rts55x.lib</file>
         <name>fltid.obj</name>
      </input_file>
      <input_file id="fl-2d">
         <path>C:\ti\ccsv6\tools\compiler\c5500_4.4.1\lib\</path>
         <kind>archive</kind>
         <file>rts55x.lib</file>
         <name>fltlid.obj</name>
      </input_file>
      <input_file id="fl-2e">
         <path>C:\ti\ccsv6\tools\compiler\c5500_4.4.1\lib\</path>
         <kind>archive</kind>
         <file>rts55x.lib</file>
         <name>frcmpyd_div.obj</name>
      </input_file>
      <input_file id="fl-2f">
         <path>C:\ti\ccsv6\tools\compiler\c5500_4.4.1\lib\</path>
         <kind>archive</kind>
         <file>rts55x.lib</file>
         <name>lmpy.obj</name>
      </input_file>
      <input_file id="fl-30">
         <path>C:\ti\ccsv6\tools\compiler\c5500_4.4.1\lib\</path>
         <kind>archive</kind>
         <file>rts55x.lib</file>
         <name>modf.obj</name>
      </input_file>
      <input_file id="fl-31">
         <path>C:\ti\ccsv6\tools\compiler\c5500_4.4.1\lib\</path>
         <kind>archive</kind>
         <file>rts55x.lib</file>
         <name>mpyd.obj</name>
      </input_file>
      <input_file id="fl-32">
         <path>C:\ti\ccsv6\tools\compiler\c5500_4.4.1\lib\</path>
         <kind>archive</kind>
         <file>rts55x.lib</file>
         <name>negd.obj</name>
      </input_file>
      <input_file id="fl-33">
         <path>C:\ti\ccsv6\tools\compiler\c5500_4.4.1\lib\</path>
         <kind>archive</kind>
         <file>rts55x.lib</file>
         <name>remul.obj</name>
      </input_file>
      <input_file id="fl-34">
         <path>C:\ti\ccsv6\tools\compiler\c5500_4.4.1\lib\</path>
         <kind>archive</kind>
         <file>rts55x.lib</file>
         <name>round.obj</name>
      </input_file>
      <input_file id="fl-35">
         <path>C:\ti\ccsv6\tools\compiler\c5500_4.4.1\lib\</path>
         <kind>archive</kind>
         <file>rts55x.lib</file>
         <name>sin.obj</name>
      </input_file>
      <input_file id="fl-36">
         <path>C:\ti\ccsv6\tools\compiler\c5500_4.4.1\lib\</path>
         <kind>archive</kind>
         <file>rts55x.lib</file>
         <name>subd.obj</name>
      </input_file>
      <input_file id="fl-37">
         <path>C:\ti\ccsv6\tools\compiler\c5500_4.4.1\lib\</path>
         <kind>archive</kind>
         <file>rts55x.lib</file>
         <name>trunc.obj</name>
      </input_file>
      <input_file id="fl-38">
         <path>C:\ti\ccsv6\tools\compiler\c5500_4.4.1\lib\</path>
         <kind>archive</kind>
         <file>rts55x.lib</file>
         <name>udiv.obj</name>
      </input_file>
      <input_file id="fl-39">
         <path>C:\ti\ccsv6\tools\compiler\c5500_4.4.1\lib\</path>
         <kind>archive</kind>
         <file>rts55x.lib</file>
         <name>vectors.obj</name>
      </input_file>
      <input_file id="fl-3a">
         <path>C:\ti\ccsv6\tools\compiler\c5500_4.4.1\lib\</path>
         <kind>archive</kind>
         <file>rts55x.lib</file>
         <name>_lock.obj</name>
      </input_file>
      <input_file id="fl-3b">
         <path>C:\ti\ccsv6\tools\compiler\c5500_4.4.1\lib\</path>
         <kind>archive</kind>
         <file>rts55x.lib</file>
         <name>args_main.obj</name>
      </input_file>
      <input_file id="fl-3c">
         <path>C:\ti\ccsv6\tools\compiler\c5500_4.4.1\lib\</path>
         <kind>archive</kind>
         <file>rts55x.lib</file>
         <name>autoinit.obj</name>
      </input_file>
      <input_file id="fl-3d">
         <path>C:\ti\ccsv6\tools\compiler\c5500_4.4.1\lib\</path>
         <kind>archive</kind>
         <file>rts55x.lib</file>
         <name>cmpd.obj</name>
      </input_file>
      <input_file id="fl-3e">
         <path>C:\ti\ccsv6\tools\compiler\c5500_4.4.1\lib\</path>
         <kind>archive</kind>
         <file>rts55x.lib</file>
         <name>frcmpyd.obj</name>
      </input_file>
   </input_file_list>
   <object_component_list>
      <object_component id="oc-15">
         <name>vectors</name>
         <load_address>0x3330</load_address>
         <run_address>0x3330</run_address>
         <size>0x100</size>
         <input_file_ref idref="fl-39"/>
      </object_component>
      <object_component id="oc-1c">
         <name>.bss</name>
         <uninitialized>true</uninitialized>
         <run_address>0x3114</run_address>
         <size>0x3e</size>
         <input_file_ref idref="fl-3"/>
      </object_component>
      <object_component id="oc-29">
         <name>.bss</name>
         <uninitialized>true</uninitialized>
         <run_address>0x31b0</run_address>
         <size>0x4</size>
         <input_file_ref idref="fl-9"/>
      </object_component>
      <object_component id="oc-34">
         <name>.bss</name>
         <uninitialized>true</uninitialized>
         <run_address>0x3198</run_address>
         <size>0x8</size>
         <input_file_ref idref="fl-b"/>
      </object_component>
      <object_component id="oc-44">
         <name>.bss</name>
         <uninitialized>true</uninitialized>
         <run_address>0x3154</run_address>
         <size>0x24</size>
         <input_file_ref idref="fl-e"/>
      </object_component>
      <object_component id="oc-4a">
         <name>.bss</name>
         <uninitialized>true</uninitialized>
         <run_address>0x30c0</run_address>
         <size>0x54</size>
         <input_file_ref idref="fl-f"/>
      </object_component>
      <object_component id="oc-59">
         <name>.bss</name>
         <uninitialized>true</uninitialized>
         <run_address>0x3178</run_address>
         <size>0x10</size>
         <input_file_ref idref="fl-26"/>
      </object_component>
      <object_component id="oc-68">
         <name>.bss</name>
         <uninitialized>true</uninitialized>
         <run_address>0x31a8</run_address>
         <size>0x8</size>
         <input_file_ref idref="fl-29"/>
      </object_component>
      <object_component id="oc-9e">
         <name>.bss</name>
         <uninitialized>true</uninitialized>
         <run_address>0x3188</run_address>
         <size>0x10</size>
         <input_file_ref idref="fl-35"/>
      </object_component>
      <object_component id="oc-b6">
         <name>.bss</name>
         <uninitialized>true</uninitialized>
         <run_address>0x31a0</run_address>
         <size>0x8</size>
         <input_file_ref idref="fl-3a"/>
      </object_component>
      <object_component id="oc-54">
         <name>.stack</name>
         <uninitialized>true</uninitialized>
         <run_address>0xc0</run_address>
         <size>0x0</size>
         <input_file_ref idref="fl-25"/>
      </object_component>
      <object_component id="oc-e8">
         <name>.stack</name>
         <uninitialized>true</uninitialized>
         <run_address>0xc0</run_address>
         <size>0x0</size>
      </object_component>
      <object_component id="oc-cb">
         <name>.sysstack</name>
         <uninitialized>true</uninitialized>
         <run_address>0x20c0</run_address>
         <size>0x0</size>
         <input_file_ref idref="fl-25"/>
      </object_component>
      <object_component id="oc-e9">
         <name>.sysstack</name>
         <uninitialized>true</uninitialized>
         <run_address>0x20c0</run_address>
         <size>0x0</size>
      </object_component>
      <object_component id="oc-43">
         <name>.text</name>
         <load_address>0x30000</load_address>
         <run_address>0x30000</run_address>
         <size>0xc3c</size>
         <input_file_ref idref="fl-e"/>
      </object_component>
      <object_component id="oc-49">
         <name>.text</name>
         <load_address>0x30c3c</load_address>
         <run_address>0x30c3c</run_address>
         <size>0x9db</size>
         <input_file_ref idref="fl-f"/>
      </object_component>
      <object_component id="oc-3e">
         <name>.text</name>
         <load_address>0x31617</load_address>
         <run_address>0x31617</run_address>
         <size>0x68d</size>
         <input_file_ref idref="fl-d"/>
      </object_component>
      <object_component id="oc-1b">
         <name>.text</name>
         <load_address>0x31ca4</load_address>
         <run_address>0x31ca4</run_address>
         <size>0x456</size>
         <input_file_ref idref="fl-3"/>
      </object_component>
      <object_component id="oc-5f">
         <name>.text</name>
         <load_address>0x320fa</load_address>
         <run_address>0x320fa</run_address>
         <size>0x3cc</size>
         <input_file_ref idref="fl-27"/>
      </object_component>
      <object_component id="oc-50">
         <name>.text</name>
         <load_address>0x324c6</load_address>
         <run_address>0x324c6</run_address>
         <size>0x25a</size>
         <input_file_ref idref="fl-24"/>
      </object_component>
      <object_component id="oc-16">
         <name>.text</name>
         <load_address>0x32720</load_address>
         <run_address>0x32720</run_address>
         <size>0x21a</size>
         <input_file_ref idref="fl-2"/>
      </object_component>
      <object_component id="oc-58">
         <name>.text</name>
         <load_address>0x3293a</load_address>
         <run_address>0x3293a</run_address>
         <size>0x218</size>
         <input_file_ref idref="fl-26"/>
      </object_component>
      <object_component id="oc-9d">
         <name>.text</name>
         <load_address>0x32b52</load_address>
         <run_address>0x32b52</run_address>
         <size>0x1f2</size>
         <input_file_ref idref="fl-35"/>
      </object_component>
      <object_component id="oc-c3">
         <name>.text</name>
         <load_address>0x32d44</load_address>
         <run_address>0x32d44</run_address>
         <size>0x1ea</size>
         <input_file_ref idref="fl-3d"/>
      </object_component>
      <object_component id="oc-8c">
         <name>.text</name>
         <load_address>0x32f2e</load_address>
         <run_address>0x32f2e</run_address>
         <size>0x14c</size>
         <input_file_ref idref="fl-31"/>
      </object_component>
      <object_component id="oc-28">
         <name>.text</name>
         <load_address>0x3307a</load_address>
         <run_address>0x3307a</run_address>
         <size>0x107</size>
         <input_file_ref idref="fl-9"/>
      </object_component>
      <object_component id="oc-87">
         <name>.text</name>
         <load_address>0x33181</load_address>
         <run_address>0x33181</run_address>
         <size>0xbf</size>
         <input_file_ref idref="fl-30"/>
      </object_component>
      <object_component id="oc-63">
         <name>.text</name>
         <load_address>0x33240</load_address>
         <run_address>0x33240</run_address>
         <size>0xa1</size>
         <input_file_ref idref="fl-28"/>
      </object_component>
      <object_component id="oc-2e">
         <name>.text</name>
         <load_address>0x332e1</load_address>
         <run_address>0x332e1</run_address>
         <size>0x8e</size>
         <input_file_ref idref="fl-a"/>
      </object_component>
      <object_component id="oc-33">
         <name>.text</name>
         <load_address>0x3336f</load_address>
         <run_address>0x3336f</run_address>
         <size>0x77</size>
         <input_file_ref idref="fl-b"/>
      </object_component>
      <object_component id="oc-c7">
         <name>.text</name>
         <load_address>0x333e6</load_address>
         <run_address>0x333e6</run_address>
         <size>0x76</size>
         <input_file_ref idref="fl-3e"/>
      </object_component>
      <object_component id="oc-7f">
         <name>.text</name>
         <load_address>0x3345c</load_address>
         <run_address>0x3345c</run_address>
         <size>0x73</size>
         <input_file_ref idref="fl-2e"/>
      </object_component>
      <object_component id="oc-94">
         <name>.text</name>
         <load_address>0x334cf</load_address>
         <run_address>0x334cf</run_address>
         <size>0x72</size>
         <input_file_ref idref="fl-33"/>
      </object_component>
      <object_component id="oc-72">
         <name>.text</name>
         <load_address>0x33541</load_address>
         <run_address>0x33541</run_address>
         <size>0x6f</size>
         <input_file_ref idref="fl-2b"/>
      </object_component>
      <object_component id="oc-7a">
         <name>.text</name>
         <load_address>0x335b0</load_address>
         <run_address>0x335b0</run_address>
         <size>0x67</size>
         <input_file_ref idref="fl-2d"/>
      </object_component>
      <object_component id="oc-98">
         <name>.text</name>
         <load_address>0x33617</load_address>
         <run_address>0x33617</run_address>
         <size>0x5f</size>
         <input_file_ref idref="fl-34"/>
      </object_component>
      <object_component id="oc-39">
         <name>.text</name>
         <load_address>0x33676</load_address>
         <run_address>0x33676</run_address>
         <size>0x54</size>
         <input_file_ref idref="fl-c"/>
      </object_component>
      <object_component id="oc-bf">
         <name>.text</name>
         <load_address>0x336ca</load_address>
         <run_address>0x336ca</run_address>
         <size>0x4d</size>
         <input_file_ref idref="fl-3c"/>
      </object_component>
      <object_component id="oc-bb">
         <name>.text</name>
         <load_address>0x33717</load_address>
         <run_address>0x33717</run_address>
         <size>0x4b</size>
         <input_file_ref idref="fl-3b"/>
      </object_component>
      <object_component id="oc-a8">
         <name>.text</name>
         <load_address>0x33762</load_address>
         <run_address>0x33762</run_address>
         <size>0x41</size>
         <input_file_ref idref="fl-37"/>
      </object_component>
      <object_component id="oc-67">
         <name>.text</name>
         <load_address>0x337a3</load_address>
         <run_address>0x337a3</run_address>
         <size>0x3e</size>
         <input_file_ref idref="fl-29"/>
      </object_component>
      <object_component id="oc-14">
         <name>.text</name>
         <load_address>0x337e1</load_address>
         <run_address>0x337e1</run_address>
         <size>0x34</size>
         <input_file_ref idref="fl-25"/>
      </object_component>
      <object_component id="oc-23">
         <name>.text</name>
         <load_address>0x33815</load_address>
         <run_address>0x33815</run_address>
         <size>0x30</size>
         <input_file_ref idref="fl-8"/>
      </object_component>
      <object_component id="oc-6e">
         <name>.text</name>
         <load_address>0x33845</load_address>
         <run_address>0x33845</run_address>
         <size>0x2a</size>
         <input_file_ref idref="fl-2a"/>
      </object_component>
      <object_component id="oc-ad">
         <name>.text</name>
         <load_address>0x3386f</load_address>
         <run_address>0x3386f</run_address>
         <size>0x2a</size>
         <input_file_ref idref="fl-38"/>
      </object_component>
      <object_component id="oc-a4">
         <name>.text</name>
         <load_address>0x33899</load_address>
         <run_address>0x33899</run_address>
         <size>0x14</size>
         <input_file_ref idref="fl-36"/>
      </object_component>
      <object_component id="oc-83">
         <name>.text</name>
         <load_address>0x338ad</load_address>
         <run_address>0x338ad</run_address>
         <size>0x13</size>
         <input_file_ref idref="fl-2f"/>
      </object_component>
      <object_component id="oc-b5">
         <name>.text</name>
         <load_address>0x338c0</load_address>
         <run_address>0x338c0</run_address>
         <size>0x12</size>
         <input_file_ref idref="fl-3a"/>
      </object_component>
      <object_component id="oc-90">
         <name>.text</name>
         <load_address>0x338d2</load_address>
         <run_address>0x338d2</run_address>
         <size>0x10</size>
         <input_file_ref idref="fl-32"/>
      </object_component>
      <object_component id="oc-76">
         <name>.text</name>
         <load_address>0x338e2</load_address>
         <run_address>0x338e2</run_address>
         <size>0xc</size>
         <input_file_ref idref="fl-2c"/>
      </object_component>
      <object_component id="oc-6b">
         <name>.text:CIO_breakpoint</name>
         <load_address>0x338ee</load_address>
         <run_address>0x338ee</run_address>
         <size>0x7</size>
         <input_file_ref idref="fl-29"/>
      </object_component>
      <object_component id="oc-b1">
         <name>.text</name>
         <load_address>0x338f5</load_address>
         <run_address>0x338f5</run_address>
         <size>0x2</size>
         <input_file_ref idref="fl-39"/>
      </object_component>
      <object_component id="oc-1e">
         <name>.cinit</name>
         <load_address>0x31b4</load_address>
         <run_address>0x31b4</run_address>
         <size>0x72</size>
         <input_file_ref idref="fl-3"/>
      </object_component>
      <object_component id="oc-5b">
         <name>.cinit</name>
         <load_address>0x3226</load_address>
         <run_address>0x3226</run_address>
         <size>0x16</size>
         <input_file_ref idref="fl-26"/>
      </object_component>
      <object_component id="oc-a0">
         <name>.cinit</name>
         <load_address>0x323c</load_address>
         <run_address>0x323c</run_address>
         <size>0x16</size>
         <input_file_ref idref="fl-35"/>
      </object_component>
      <object_component id="oc-b8">
         <name>.cinit</name>
         <load_address>0x3252</load_address>
         <run_address>0x3252</run_address>
         <size>0x14</size>
         <input_file_ref idref="fl-3a"/>
      </object_component>
      <object_component id="oc-6a">
         <name>.cinit</name>
         <load_address>0x3266</load_address>
         <run_address>0x3266</run_address>
         <size>0x14</size>
         <input_file_ref idref="fl-29"/>
      </object_component>
      <object_component id="oc-4c">
         <name>.cinit</name>
         <load_address>0x327a</load_address>
         <run_address>0x327a</run_address>
         <size>0x10</size>
         <input_file_ref idref="fl-f"/>
      </object_component>
      <object_component id="oc-5c">
         <name>.const</name>
         <load_address>0x328c</load_address>
         <run_address>0x328c</run_address>
         <size>0x2c</size>
         <input_file_ref idref="fl-26"/>
      </object_component>
      <object_component id="oc-a1">
         <name>.const</name>
         <load_address>0x32b8</load_address>
         <run_address>0x32b8</run_address>
         <size>0x28</size>
         <input_file_ref idref="fl-35"/>
      </object_component>
      <object_component id="oc-1f">
         <name>.const</name>
         <load_address>0x32e0</load_address>
         <run_address>0x32e0</run_address>
         <size>0x18</size>
         <input_file_ref idref="fl-3"/>
      </object_component>
      <object_component id="oc-cc">
         <name>.const:_initial_approx$1</name>
         <load_address>0x32f8</load_address>
         <run_address>0x32f8</run_address>
         <size>0x10</size>
         <input_file_ref idref="fl-27"/>
      </object_component>
      <object_component id="oc-9a">
         <name>.const</name>
         <load_address>0x3308</load_address>
         <run_address>0x3308</run_address>
         <size>0x10</size>
         <input_file_ref idref="fl-34"/>
      </object_component>
      <object_component id="oc-89">
         <name>.const</name>
         <load_address>0x3318</load_address>
         <run_address>0x3318</run_address>
         <size>0xc</size>
         <input_file_ref idref="fl-30"/>
      </object_component>
      <object_component id="oc-aa">
         <name>.const</name>
         <load_address>0x3324</load_address>
         <run_address>0x3324</run_address>
         <size>0x8</size>
         <input_file_ref idref="fl-37"/>
      </object_component>
      <object_component id="oc-7c">
         <name>.const</name>
         <load_address>0x332c</load_address>
         <run_address>0x332c</run_address>
         <size>0x4</size>
         <input_file_ref idref="fl-2d"/>
      </object_component>
      <object_component id="oc-17">
         <name>.debug_info</name>
         <load_address>0x0</load_address>
         <run_address>0x0</run_address>
         <size>0xab6</size>
         <input_file_ref idref="fl-2"/>
      </object_component>
      <object_component id="oc-1d">
         <name>.debug_info</name>
         <load_address>0xab6</load_address>
         <run_address>0xab6</run_address>
         <size>0x1527</size>
         <input_file_ref idref="fl-3"/>
      </object_component>
      <object_component id="oc-24">
         <name>.debug_info</name>
         <load_address>0x1fdd</load_address>
         <run_address>0x1fdd</run_address>
         <size>0x7ba</size>
         <input_file_ref idref="fl-8"/>
      </object_component>
      <object_component id="oc-2a">
         <name>.debug_info</name>
         <load_address>0x2797</load_address>
         <run_address>0x2797</run_address>
         <size>0x14ef</size>
         <input_file_ref idref="fl-9"/>
      </object_component>
      <object_component id="oc-2f">
         <name>.debug_info</name>
         <load_address>0x3c86</load_address>
         <run_address>0x3c86</run_address>
         <size>0xa21</size>
         <input_file_ref idref="fl-a"/>
      </object_component>
      <object_component id="oc-35">
         <name>.debug_info</name>
         <load_address>0x46a7</load_address>
         <run_address>0x46a7</run_address>
         <size>0xede</size>
         <input_file_ref idref="fl-b"/>
      </object_component>
      <object_component id="oc-3a">
         <name>.debug_info</name>
         <load_address>0x5585</load_address>
         <run_address>0x5585</run_address>
         <size>0xc69</size>
         <input_file_ref idref="fl-c"/>
      </object_component>
      <object_component id="oc-3f">
         <name>.debug_info</name>
         <load_address>0x61ee</load_address>
         <run_address>0x61ee</run_address>
         <size>0x699c</size>
         <input_file_ref idref="fl-d"/>
      </object_component>
      <object_component id="oc-45">
         <name>.debug_info</name>
         <load_address>0xcb8a</load_address>
         <run_address>0xcb8a</run_address>
         <size>0x7053</size>
         <input_file_ref idref="fl-e"/>
      </object_component>
      <object_component id="oc-4b">
         <name>.debug_info</name>
         <load_address>0x13bdd</load_address>
         <run_address>0x13bdd</run_address>
         <size>0x6e6d</size>
         <input_file_ref idref="fl-f"/>
      </object_component>
      <object_component id="oc-51">
         <name>.debug_info</name>
         <load_address>0x1aa4a</load_address>
         <run_address>0x1aa4a</run_address>
         <size>0x5ab</size>
         <input_file_ref idref="fl-24"/>
      </object_component>
      <object_component id="oc-55">
         <name>.debug_info</name>
         <load_address>0x1aff5</load_address>
         <run_address>0x1aff5</run_address>
         <size>0xe8</size>
         <input_file_ref idref="fl-25"/>
      </object_component>
      <object_component id="oc-5a">
         <name>.debug_info</name>
         <load_address>0x1b0dd</load_address>
         <run_address>0x1b0dd</run_address>
         <size>0x716</size>
         <input_file_ref idref="fl-26"/>
      </object_component>
      <object_component id="oc-60">
         <name>.debug_info</name>
         <load_address>0x1b7f3</load_address>
         <run_address>0x1b7f3</run_address>
         <size>0x7e8</size>
         <input_file_ref idref="fl-27"/>
      </object_component>
      <object_component id="oc-64">
         <name>.debug_info</name>
         <load_address>0x1bfdb</load_address>
         <run_address>0x1bfdb</run_address>
         <size>0x534</size>
         <input_file_ref idref="fl-28"/>
      </object_component>
      <object_component id="oc-69">
         <name>.debug_info</name>
         <load_address>0x1c50f</load_address>
         <run_address>0x1c50f</run_address>
         <size>0x5fb</size>
         <input_file_ref idref="fl-29"/>
      </object_component>
      <object_component id="oc-6f">
         <name>.debug_info</name>
         <load_address>0x1cb0a</load_address>
         <run_address>0x1cb0a</run_address>
         <size>0x4cf</size>
         <input_file_ref idref="fl-2a"/>
      </object_component>
      <object_component id="oc-73">
         <name>.debug_info</name>
         <load_address>0x1cfd9</load_address>
         <run_address>0x1cfd9</run_address>
         <size>0x534</size>
         <input_file_ref idref="fl-2b"/>
      </object_component>
      <object_component id="oc-77">
         <name>.debug_info</name>
         <load_address>0x1d50d</load_address>
         <run_address>0x1d50d</run_address>
         <size>0x4cf</size>
         <input_file_ref idref="fl-2c"/>
      </object_component>
      <object_component id="oc-7b">
         <name>.debug_info</name>
         <load_address>0x1d9dc</load_address>
         <run_address>0x1d9dc</run_address>
         <size>0x549</size>
         <input_file_ref idref="fl-2d"/>
      </object_component>
      <object_component id="oc-80">
         <name>.debug_info</name>
         <load_address>0x1df25</load_address>
         <run_address>0x1df25</run_address>
         <size>0x53e</size>
         <input_file_ref idref="fl-2e"/>
      </object_component>
      <object_component id="oc-84">
         <name>.debug_info</name>
         <load_address>0x1e463</load_address>
         <run_address>0x1e463</run_address>
         <size>0xbd</size>
         <input_file_ref idref="fl-2f"/>
      </object_component>
      <object_component id="oc-88">
         <name>.debug_info</name>
         <load_address>0x1e520</load_address>
         <run_address>0x1e520</run_address>
         <size>0x50c</size>
         <input_file_ref idref="fl-30"/>
      </object_component>
      <object_component id="oc-8d">
         <name>.debug_info</name>
         <load_address>0x1ea2c</load_address>
         <run_address>0x1ea2c</run_address>
         <size>0x55b</size>
         <input_file_ref idref="fl-31"/>
      </object_component>
      <object_component id="oc-91">
         <name>.debug_info</name>
         <load_address>0x1ef87</load_address>
         <run_address>0x1ef87</run_address>
         <size>0x4b7</size>
         <input_file_ref idref="fl-32"/>
      </object_component>
      <object_component id="oc-95">
         <name>.debug_info</name>
         <load_address>0x1f43e</load_address>
         <run_address>0x1f43e</run_address>
         <size>0x534</size>
         <input_file_ref idref="fl-33"/>
      </object_component>
      <object_component id="oc-99">
         <name>.debug_info</name>
         <load_address>0x1f972</load_address>
         <run_address>0x1f972</run_address>
         <size>0x52e</size>
         <input_file_ref idref="fl-34"/>
      </object_component>
      <object_component id="oc-9f">
         <name>.debug_info</name>
         <load_address>0x1fea0</load_address>
         <run_address>0x1fea0</run_address>
         <size>0x6ef</size>
         <input_file_ref idref="fl-35"/>
      </object_component>
      <object_component id="oc-a5">
         <name>.debug_info</name>
         <load_address>0x2058f</load_address>
         <run_address>0x2058f</run_address>
         <size>0x4de</size>
         <input_file_ref idref="fl-36"/>
      </object_component>
      <object_component id="oc-a9">
         <name>.debug_info</name>
         <load_address>0x20a6d</load_address>
         <run_address>0x20a6d</run_address>
         <size>0x521</size>
         <input_file_ref idref="fl-37"/>
      </object_component>
      <object_component id="oc-ae">
         <name>.debug_info</name>
         <load_address>0x20f8e</load_address>
         <run_address>0x20f8e</run_address>
         <size>0xef</size>
         <input_file_ref idref="fl-38"/>
      </object_component>
      <object_component id="oc-b2">
         <name>.debug_info</name>
         <load_address>0x2107d</load_address>
         <run_address>0x2107d</run_address>
         <size>0xbc</size>
         <input_file_ref idref="fl-39"/>
      </object_component>
      <object_component id="oc-b7">
         <name>.debug_info</name>
         <load_address>0x21139</load_address>
         <run_address>0x21139</run_address>
         <size>0x5bc</size>
         <input_file_ref idref="fl-3a"/>
      </object_component>
      <object_component id="oc-bc">
         <name>.debug_info</name>
         <load_address>0x216f5</load_address>
         <run_address>0x216f5</run_address>
         <size>0x586</size>
         <input_file_ref idref="fl-3b"/>
      </object_component>
      <object_component id="oc-c0">
         <name>.debug_info</name>
         <load_address>0x21c7b</load_address>
         <run_address>0x21c7b</run_address>
         <size>0xcd</size>
         <input_file_ref idref="fl-3c"/>
      </object_component>
      <object_component id="oc-c4">
         <name>.debug_info</name>
         <load_address>0x21d48</load_address>
         <run_address>0x21d48</run_address>
         <size>0x81f</size>
         <input_file_ref idref="fl-3d"/>
      </object_component>
      <object_component id="oc-c8">
         <name>.debug_info</name>
         <load_address>0x22567</load_address>
         <run_address>0x22567</run_address>
         <size>0x4d2</size>
         <input_file_ref idref="fl-3e"/>
      </object_component>
      <object_component id="oc-eb">
         <name>.debug_info</name>
         <load_address>0x22a39</load_address>
         <run_address>0x22a39</run_address>
         <size>0x6e</size>
      </object_component>
      <object_component id="oc-18">
         <name>.debug_frame</name>
         <load_address>0x0</load_address>
         <run_address>0x0</run_address>
         <size>0x101</size>
         <input_file_ref idref="fl-2"/>
      </object_component>
      <object_component id="oc-20">
         <name>.debug_frame</name>
         <load_address>0x101</load_address>
         <run_address>0x101</run_address>
         <size>0x170</size>
         <input_file_ref idref="fl-3"/>
      </object_component>
      <object_component id="oc-25">
         <name>.debug_frame</name>
         <load_address>0x271</load_address>
         <run_address>0x271</run_address>
         <size>0x126</size>
         <input_file_ref idref="fl-8"/>
      </object_component>
      <object_component id="oc-2b">
         <name>.debug_frame</name>
         <load_address>0x397</load_address>
         <run_address>0x397</run_address>
         <size>0x171</size>
         <input_file_ref idref="fl-9"/>
      </object_component>
      <object_component id="oc-30">
         <name>.debug_frame</name>
         <load_address>0x508</load_address>
         <run_address>0x508</run_address>
         <size>0x138</size>
         <input_file_ref idref="fl-a"/>
      </object_component>
      <object_component id="oc-36">
         <name>.debug_frame</name>
         <load_address>0x640</load_address>
         <run_address>0x640</run_address>
         <size>0x138</size>
         <input_file_ref idref="fl-b"/>
      </object_component>
      <object_component id="oc-3b">
         <name>.debug_frame</name>
         <load_address>0x778</load_address>
         <run_address>0x778</run_address>
         <size>0x116</size>
         <input_file_ref idref="fl-c"/>
      </object_component>
      <object_component id="oc-40">
         <name>.debug_frame</name>
         <load_address>0x88e</load_address>
         <run_address>0x88e</run_address>
         <size>0x224</size>
         <input_file_ref idref="fl-d"/>
      </object_component>
      <object_component id="oc-46">
         <name>.debug_frame</name>
         <load_address>0xab2</load_address>
         <run_address>0xab2</run_address>
         <size>0x1ef</size>
         <input_file_ref idref="fl-e"/>
      </object_component>
      <object_component id="oc-4d">
         <name>.debug_frame</name>
         <load_address>0xca1</load_address>
         <run_address>0xca1</run_address>
         <size>0x197</size>
         <input_file_ref idref="fl-f"/>
      </object_component>
      <object_component id="oc-19">
         <name>.debug_line</name>
         <load_address>0x0</load_address>
         <run_address>0x0</run_address>
         <size>0xbf</size>
         <input_file_ref idref="fl-2"/>
      </object_component>
      <object_component id="oc-21">
         <name>.debug_line</name>
         <load_address>0xbf</load_address>
         <run_address>0xbf</run_address>
         <size>0x201</size>
         <input_file_ref idref="fl-3"/>
      </object_component>
      <object_component id="oc-26">
         <name>.debug_line</name>
         <load_address>0x2c0</load_address>
         <run_address>0x2c0</run_address>
         <size>0x96</size>
         <input_file_ref idref="fl-8"/>
      </object_component>
      <object_component id="oc-2c">
         <name>.debug_line</name>
         <load_address>0x356</load_address>
         <run_address>0x356</run_address>
         <size>0xe6</size>
         <input_file_ref idref="fl-9"/>
      </object_component>
      <object_component id="oc-31">
         <name>.debug_line</name>
         <load_address>0x43c</load_address>
         <run_address>0x43c</run_address>
         <size>0xa7</size>
         <input_file_ref idref="fl-a"/>
      </object_component>
      <object_component id="oc-37">
         <name>.debug_line</name>
         <load_address>0x4e3</load_address>
         <run_address>0x4e3</run_address>
         <size>0x9f</size>
         <input_file_ref idref="fl-b"/>
      </object_component>
      <object_component id="oc-3c">
         <name>.debug_line</name>
         <load_address>0x582</load_address>
         <run_address>0x582</run_address>
         <size>0x82</size>
         <input_file_ref idref="fl-c"/>
      </object_component>
      <object_component id="oc-41">
         <name>.debug_line</name>
         <load_address>0x604</load_address>
         <run_address>0x604</run_address>
         <size>0x4fc</size>
         <input_file_ref idref="fl-d"/>
      </object_component>
      <object_component id="oc-47">
         <name>.debug_line</name>
         <load_address>0xb00</load_address>
         <run_address>0xb00</run_address>
         <size>0x6a1</size>
         <input_file_ref idref="fl-e"/>
      </object_component>
      <object_component id="oc-4e">
         <name>.debug_line</name>
         <load_address>0x11a1</load_address>
         <run_address>0x11a1</run_address>
         <size>0x680</size>
         <input_file_ref idref="fl-f"/>
      </object_component>
      <object_component id="oc-52">
         <name>.debug_line</name>
         <load_address>0x1821</load_address>
         <run_address>0x1821</run_address>
         <size>0x5c</size>
         <input_file_ref idref="fl-24"/>
      </object_component>
      <object_component id="oc-56">
         <name>.debug_line</name>
         <load_address>0x187d</load_address>
         <run_address>0x187d</run_address>
         <size>0x54</size>
         <input_file_ref idref="fl-25"/>
      </object_component>
      <object_component id="oc-5d">
         <name>.debug_line</name>
         <load_address>0x18d1</load_address>
         <run_address>0x18d1</run_address>
         <size>0x54</size>
         <input_file_ref idref="fl-26"/>
      </object_component>
      <object_component id="oc-61">
         <name>.debug_line</name>
         <load_address>0x1925</load_address>
         <run_address>0x1925</run_address>
         <size>0x5b</size>
         <input_file_ref idref="fl-27"/>
      </object_component>
      <object_component id="oc-65">
         <name>.debug_line</name>
         <load_address>0x1980</load_address>
         <run_address>0x1980</run_address>
         <size>0x44</size>
         <input_file_ref idref="fl-28"/>
      </object_component>
      <object_component id="oc-6c">
         <name>.debug_line</name>
         <load_address>0x19c4</load_address>
         <run_address>0x19c4</run_address>
         <size>0x51</size>
         <input_file_ref idref="fl-29"/>
      </object_component>
      <object_component id="oc-70">
         <name>.debug_line</name>
         <load_address>0x1a15</load_address>
         <run_address>0x1a15</run_address>
         <size>0x3d</size>
         <input_file_ref idref="fl-2a"/>
      </object_component>
      <object_component id="oc-74">
         <name>.debug_line</name>
         <load_address>0x1a52</load_address>
         <run_address>0x1a52</run_address>
         <size>0x3d</size>
         <input_file_ref idref="fl-2b"/>
      </object_component>
      <object_component id="oc-78">
         <name>.debug_line</name>
         <load_address>0x1a8f</load_address>
         <run_address>0x1a8f</run_address>
         <size>0x3d</size>
         <input_file_ref idref="fl-2c"/>
      </object_component>
      <object_component id="oc-7d">
         <name>.debug_line</name>
         <load_address>0x1acc</load_address>
         <run_address>0x1acc</run_address>
         <size>0x44</size>
         <input_file_ref idref="fl-2d"/>
      </object_component>
      <object_component id="oc-81">
         <name>.debug_line</name>
         <load_address>0x1b10</load_address>
         <run_address>0x1b10</run_address>
         <size>0x40</size>
         <input_file_ref idref="fl-2e"/>
      </object_component>
      <object_component id="oc-85">
         <name>.debug_line</name>
         <load_address>0x1b50</load_address>
         <run_address>0x1b50</run_address>
         <size>0x3c</size>
         <input_file_ref idref="fl-2f"/>
      </object_component>
      <object_component id="oc-8a">
         <name>.debug_line</name>
         <load_address>0x1b8c</load_address>
         <run_address>0x1b8c</run_address>
         <size>0x3c</size>
         <input_file_ref idref="fl-30"/>
      </object_component>
      <object_component id="oc-8e">
         <name>.debug_line</name>
         <load_address>0x1bc8</load_address>
         <run_address>0x1bc8</run_address>
         <size>0x3c</size>
         <input_file_ref idref="fl-31"/>
      </object_component>
      <object_component id="oc-92">
         <name>.debug_line</name>
         <load_address>0x1c04</load_address>
         <run_address>0x1c04</run_address>
         <size>0x37</size>
         <input_file_ref idref="fl-32"/>
      </object_component>
      <object_component id="oc-96">
         <name>.debug_line</name>
         <load_address>0x1c3b</load_address>
         <run_address>0x1c3b</run_address>
         <size>0x44</size>
         <input_file_ref idref="fl-33"/>
      </object_component>
      <object_component id="oc-9b">
         <name>.debug_line</name>
         <load_address>0x1c7f</load_address>
         <run_address>0x1c7f</run_address>
         <size>0x3a</size>
         <input_file_ref idref="fl-34"/>
      </object_component>
      <object_component id="oc-a2">
         <name>.debug_line</name>
         <load_address>0x1cb9</load_address>
         <run_address>0x1cb9</run_address>
         <size>0x54</size>
         <input_file_ref idref="fl-35"/>
      </object_component>
      <object_component id="oc-a6">
         <name>.debug_line</name>
         <load_address>0x1d0d</load_address>
         <run_address>0x1d0d</run_address>
         <size>0x37</size>
         <input_file_ref idref="fl-36"/>
      </object_component>
      <object_component id="oc-ab">
         <name>.debug_line</name>
         <load_address>0x1d44</load_address>
         <run_address>0x1d44</run_address>
         <size>0x38</size>
         <input_file_ref idref="fl-37"/>
      </object_component>
      <object_component id="oc-af">
         <name>.debug_line</name>
         <load_address>0x1d7c</load_address>
         <run_address>0x1d7c</run_address>
         <size>0x58</size>
         <input_file_ref idref="fl-38"/>
      </object_component>
      <object_component id="oc-b3">
         <name>.debug_line</name>
         <load_address>0x1dd4</load_address>
         <run_address>0x1dd4</run_address>
         <size>0x37</size>
         <input_file_ref idref="fl-39"/>
      </object_component>
      <object_component id="oc-b9">
         <name>.debug_line</name>
         <load_address>0x1e0b</load_address>
         <run_address>0x1e0b</run_address>
         <size>0x57</size>
         <input_file_ref idref="fl-3a"/>
      </object_component>
      <object_component id="oc-bd">
         <name>.debug_line</name>
         <load_address>0x1e62</load_address>
         <run_address>0x1e62</run_address>
         <size>0x41</size>
         <input_file_ref idref="fl-3b"/>
      </object_component>
      <object_component id="oc-c1">
         <name>.debug_line</name>
         <load_address>0x1ea3</load_address>
         <run_address>0x1ea3</run_address>
         <size>0x55</size>
         <input_file_ref idref="fl-3c"/>
      </object_component>
      <object_component id="oc-c5">
         <name>.debug_line</name>
         <load_address>0x1ef8</load_address>
         <run_address>0x1ef8</run_address>
         <size>0xad</size>
         <input_file_ref idref="fl-3d"/>
      </object_component>
      <object_component id="oc-c9">
         <name>.debug_line</name>
         <load_address>0x1fa5</load_address>
         <run_address>0x1fa5</run_address>
         <size>0x3a</size>
         <input_file_ref idref="fl-3e"/>
      </object_component>
      <object_component id="oc-1a">
         <name>.debug_abbrev</name>
         <load_address>0x0</load_address>
         <run_address>0x0</run_address>
         <size>0x105</size>
         <input_file_ref idref="fl-2"/>
      </object_component>
      <object_component id="oc-22">
         <name>.debug_abbrev</name>
         <load_address>0x105</load_address>
         <run_address>0x105</run_address>
         <size>0x184</size>
         <input_file_ref idref="fl-3"/>
      </object_component>
      <object_component id="oc-27">
         <name>.debug_abbrev</name>
         <load_address>0x289</load_address>
         <run_address>0x289</run_address>
         <size>0xc6</size>
         <input_file_ref idref="fl-8"/>
      </object_component>
      <object_component id="oc-2d">
         <name>.debug_abbrev</name>
         <load_address>0x34f</load_address>
         <run_address>0x34f</run_address>
         <size>0x164</size>
         <input_file_ref idref="fl-9"/>
      </object_component>
      <object_component id="oc-32">
         <name>.debug_abbrev</name>
         <load_address>0x4b3</load_address>
         <run_address>0x4b3</run_address>
         <size>0xd9</size>
         <input_file_ref idref="fl-a"/>
      </object_component>
      <object_component id="oc-38">
         <name>.debug_abbrev</name>
         <load_address>0x58c</load_address>
         <run_address>0x58c</run_address>
         <size>0x122</size>
         <input_file_ref idref="fl-b"/>
      </object_component>
      <object_component id="oc-3d">
         <name>.debug_abbrev</name>
         <load_address>0x6ae</load_address>
         <run_address>0x6ae</run_address>
         <size>0x12d</size>
         <input_file_ref idref="fl-c"/>
      </object_component>
      <object_component id="oc-42">
         <name>.debug_abbrev</name>
         <load_address>0x7db</load_address>
         <run_address>0x7db</run_address>
         <size>0x1a7</size>
         <input_file_ref idref="fl-d"/>
      </object_component>
      <object_component id="oc-48">
         <name>.debug_abbrev</name>
         <load_address>0x982</load_address>
         <run_address>0x982</run_address>
         <size>0x25d</size>
         <input_file_ref idref="fl-e"/>
      </object_component>
      <object_component id="oc-4f">
         <name>.debug_abbrev</name>
         <load_address>0xbdf</load_address>
         <run_address>0xbdf</run_address>
         <size>0x237</size>
         <input_file_ref idref="fl-f"/>
      </object_component>
      <object_component id="oc-53">
         <name>.debug_abbrev</name>
         <load_address>0xe16</load_address>
         <run_address>0xe16</run_address>
         <size>0xd4</size>
         <input_file_ref idref="fl-24"/>
      </object_component>
      <object_component id="oc-57">
         <name>.debug_abbrev</name>
         <load_address>0xeea</load_address>
         <run_address>0xeea</run_address>
         <size>0x3a</size>
         <input_file_ref idref="fl-25"/>
      </object_component>
      <object_component id="oc-5e">
         <name>.debug_abbrev</name>
         <load_address>0xf24</load_address>
         <run_address>0xf24</run_address>
         <size>0xcc</size>
         <input_file_ref idref="fl-26"/>
      </object_component>
      <object_component id="oc-62">
         <name>.debug_abbrev</name>
         <load_address>0xff0</load_address>
         <run_address>0xff0</run_address>
         <size>0x112</size>
         <input_file_ref idref="fl-27"/>
      </object_component>
      <object_component id="oc-66">
         <name>.debug_abbrev</name>
         <load_address>0x1102</load_address>
         <run_address>0x1102</run_address>
         <size>0xb5</size>
         <input_file_ref idref="fl-28"/>
      </object_component>
      <object_component id="oc-6d">
         <name>.debug_abbrev</name>
         <load_address>0x11b7</load_address>
         <run_address>0x11b7</run_address>
         <size>0xf7</size>
         <input_file_ref idref="fl-29"/>
      </object_component>
      <object_component id="oc-71">
         <name>.debug_abbrev</name>
         <load_address>0x12ae</load_address>
         <run_address>0x12ae</run_address>
         <size>0x8f</size>
         <input_file_ref idref="fl-2a"/>
      </object_component>
      <object_component id="oc-75">
         <name>.debug_abbrev</name>
         <load_address>0x133d</load_address>
         <run_address>0x133d</run_address>
         <size>0xb7</size>
         <input_file_ref idref="fl-2b"/>
      </object_component>
      <object_component id="oc-79">
         <name>.debug_abbrev</name>
         <load_address>0x13f4</load_address>
         <run_address>0x13f4</run_address>
         <size>0x8f</size>
         <input_file_ref idref="fl-2c"/>
      </object_component>
      <object_component id="oc-7e">
         <name>.debug_abbrev</name>
         <load_address>0x1483</load_address>
         <run_address>0x1483</run_address>
         <size>0xc2</size>
         <input_file_ref idref="fl-2d"/>
      </object_component>
      <object_component id="oc-82">
         <name>.debug_abbrev</name>
         <load_address>0x1545</load_address>
         <run_address>0x1545</run_address>
         <size>0x9a</size>
         <input_file_ref idref="fl-2e"/>
      </object_component>
      <object_component id="oc-86">
         <name>.debug_abbrev</name>
         <load_address>0x15df</load_address>
         <run_address>0x15df</run_address>
         <size>0x38</size>
         <input_file_ref idref="fl-2f"/>
      </object_component>
      <object_component id="oc-8b">
         <name>.debug_abbrev</name>
         <load_address>0x1617</load_address>
         <run_address>0x1617</run_address>
         <size>0x98</size>
         <input_file_ref idref="fl-30"/>
      </object_component>
      <object_component id="oc-8f">
         <name>.debug_abbrev</name>
         <load_address>0x16af</load_address>
         <run_address>0x16af</run_address>
         <size>0xdc</size>
         <input_file_ref idref="fl-31"/>
      </object_component>
      <object_component id="oc-93">
         <name>.debug_abbrev</name>
         <load_address>0x178b</load_address>
         <run_address>0x178b</run_address>
         <size>0x81</size>
         <input_file_ref idref="fl-32"/>
      </object_component>
      <object_component id="oc-97">
         <name>.debug_abbrev</name>
         <load_address>0x180c</load_address>
         <run_address>0x180c</run_address>
         <size>0xb5</size>
         <input_file_ref idref="fl-33"/>
      </object_component>
      <object_component id="oc-9c">
         <name>.debug_abbrev</name>
         <load_address>0x18c1</load_address>
         <run_address>0x18c1</run_address>
         <size>0xaf</size>
         <input_file_ref idref="fl-34"/>
      </object_component>
      <object_component id="oc-a3">
         <name>.debug_abbrev</name>
         <load_address>0x1970</load_address>
         <run_address>0x1970</run_address>
         <size>0xcc</size>
         <input_file_ref idref="fl-35"/>
      </object_component>
      <object_component id="oc-a7">
         <name>.debug_abbrev</name>
         <load_address>0x1a3c</load_address>
         <run_address>0x1a3c</run_address>
         <size>0x8f</size>
         <input_file_ref idref="fl-36"/>
      </object_component>
      <object_component id="oc-ac">
         <name>.debug_abbrev</name>
         <load_address>0x1acb</load_address>
         <run_address>0x1acb</run_address>
         <size>0xaf</size>
         <input_file_ref idref="fl-37"/>
      </object_component>
      <object_component id="oc-b0">
         <name>.debug_abbrev</name>
         <load_address>0x1b7a</load_address>
         <run_address>0x1b7a</run_address>
         <size>0x38</size>
         <input_file_ref idref="fl-38"/>
      </object_component>
      <object_component id="oc-b4">
         <name>.debug_abbrev</name>
         <load_address>0x1bb2</load_address>
         <run_address>0x1bb2</run_address>
         <size>0x26</size>
         <input_file_ref idref="fl-39"/>
      </object_component>
      <object_component id="oc-ba">
         <name>.debug_abbrev</name>
         <load_address>0x1bd8</load_address>
         <run_address>0x1bd8</run_address>
         <size>0x9f</size>
         <input_file_ref idref="fl-3a"/>
      </object_component>
      <object_component id="oc-be">
         <name>.debug_abbrev</name>
         <load_address>0x1c77</load_address>
         <run_address>0x1c77</run_address>
         <size>0xec</size>
         <input_file_ref idref="fl-3b"/>
      </object_component>
      <object_component id="oc-c2">
         <name>.debug_abbrev</name>
         <load_address>0x1d63</load_address>
         <run_address>0x1d63</run_address>
         <size>0x44</size>
         <input_file_ref idref="fl-3c"/>
      </object_component>
      <object_component id="oc-c6">
         <name>.debug_abbrev</name>
         <load_address>0x1da7</load_address>
         <run_address>0x1da7</run_address>
         <size>0xb7</size>
         <input_file_ref idref="fl-3d"/>
      </object_component>
      <object_component id="oc-ca">
         <name>.debug_abbrev</name>
         <load_address>0x1e5e</load_address>
         <run_address>0x1e5e</run_address>
         <size>0x81</size>
         <input_file_ref idref="fl-3e"/>
      </object_component>
      <object_component id="oc-ec">
         <name>.debug_abbrev</name>
         <load_address>0x1edf</load_address>
         <run_address>0x1edf</run_address>
         <size>0xd</size>
      </object_component>
   </object_component_list>
   <logical_group_list>
      <logical_group id="lg-2">
         <name>vectors</name>
         <load_address>0x3330</load_address>
         <run_address>0x3330</run_address>
         <size>0x100</size>
         <contents>
            <object_component_ref idref="oc-15"/>
         </contents>
      </logical_group>
      <logical_group id="lg-3">
         <name>.bss</name>
         <run_address>0x30c0</run_address>
         <size>0xf4</size>
         <contents>
            <object_component_ref idref="oc-1c"/>
            <object_component_ref idref="oc-29"/>
            <object_component_ref idref="oc-34"/>
            <object_component_ref idref="oc-44"/>
            <object_component_ref idref="oc-4a"/>
            <object_component_ref idref="oc-59"/>
            <object_component_ref idref="oc-68"/>
            <object_component_ref idref="oc-9e"/>
            <object_component_ref idref="oc-b6"/>
         </contents>
      </logical_group>
      <logical_group id="lg-4">
         <name>vector</name>
         <run_address>0x0</run_address>
         <size>0x0</size>
         <contents>
         </contents>
      </logical_group>
      <logical_group id="lg-5">
         <name>.stack</name>
         <run_address>0xc0</run_address>
         <size>0x2000</size>
         <contents>
            <object_component_ref idref="oc-54"/>
            <object_component_ref idref="oc-e8"/>
         </contents>
      </logical_group>
      <logical_group id="lg-6">
         <name>.sysstack</name>
         <run_address>0x20c0</run_address>
         <size>0x1000</size>
         <contents>
            <object_component_ref idref="oc-cb"/>
            <object_component_ref idref="oc-e9"/>
         </contents>
      </logical_group>
      <logical_group id="lg-7">
         <name>.sysmem</name>
         <run_address>0x0</run_address>
         <size>0x0</size>
         <contents>
         </contents>
      </logical_group>
      <logical_group id="lg-8">
         <name>.text</name>
         <load_address>0x30000</load_address>
         <run_address>0x30000</run_address>
         <size>0x38f8</size>
         <contents>
            <object_component_ref idref="oc-43"/>
            <object_component_ref idref="oc-49"/>
            <object_component_ref idref="oc-3e"/>
            <object_component_ref idref="oc-1b"/>
            <object_component_ref idref="oc-5f"/>
            <object_component_ref idref="oc-50"/>
            <object_component_ref idref="oc-16"/>
            <object_component_ref idref="oc-58"/>
            <object_component_ref idref="oc-9d"/>
            <object_component_ref idref="oc-c3"/>
            <object_component_ref idref="oc-8c"/>
            <object_component_ref idref="oc-28"/>
            <object_component_ref idref="oc-87"/>
            <object_component_ref idref="oc-63"/>
            <object_component_ref idref="oc-2e"/>
            <object_component_ref idref="oc-33"/>
            <object_component_ref idref="oc-c7"/>
            <object_component_ref idref="oc-7f"/>
            <object_component_ref idref="oc-94"/>
            <object_component_ref idref="oc-72"/>
            <object_component_ref idref="oc-7a"/>
            <object_component_ref idref="oc-98"/>
            <object_component_ref idref="oc-39"/>
            <object_component_ref idref="oc-bf"/>
            <object_component_ref idref="oc-bb"/>
            <object_component_ref idref="oc-a8"/>
            <object_component_ref idref="oc-67"/>
            <object_component_ref idref="oc-14"/>
            <object_component_ref idref="oc-23"/>
            <object_component_ref idref="oc-6e"/>
            <object_component_ref idref="oc-ad"/>
            <object_component_ref idref="oc-a4"/>
            <object_component_ref idref="oc-83"/>
            <object_component_ref idref="oc-b5"/>
            <object_component_ref idref="oc-90"/>
            <object_component_ref idref="oc-76"/>
            <object_component_ref idref="oc-6b"/>
            <object_component_ref idref="oc-b1"/>
         </contents>
      </logical_group>
      <logical_group id="lg-9">
         <name>.data</name>
         <run_address>0xc0</run_address>
         <size>0x0</size>
         <contents>
         </contents>
      </logical_group>
      <logical_group id="lg-a">
         <name>.cinit</name>
         <load_address>0x31b4</load_address>
         <run_address>0x31b4</run_address>
         <size>0xd8</size>
         <contents>
            <object_component_ref idref="oc-1e"/>
            <object_component_ref idref="oc-5b"/>
            <object_component_ref idref="oc-a0"/>
            <object_component_ref idref="oc-b8"/>
            <object_component_ref idref="oc-6a"/>
            <object_component_ref idref="oc-4c"/>
         </contents>
      </logical_group>
      <logical_group id="lg-b">
         <name>.const</name>
         <load_address>0x328c</load_address>
         <run_address>0x328c</run_address>
         <size>0xa4</size>
         <contents>
            <object_component_ref idref="oc-5c"/>
            <object_component_ref idref="oc-a1"/>
            <object_component_ref idref="oc-1f"/>
            <object_component_ref idref="oc-cc"/>
            <object_component_ref idref="oc-9a"/>
            <object_component_ref idref="oc-89"/>
            <object_component_ref idref="oc-aa"/>
            <object_component_ref idref="oc-7c"/>
         </contents>
      </logical_group>
      <logical_group id="lg-c">
         <name>.cio</name>
         <run_address>0x0</run_address>
         <size>0x0</size>
         <contents>
         </contents>
      </logical_group>
      <logical_group id="lg-d">
         <name>.usect</name>
         <run_address>0x0</run_address>
         <size>0x0</size>
         <contents>
         </contents>
      </logical_group>
      <logical_group id="lg-e">
         <name>.switch</name>
         <run_address>0x0</run_address>
         <size>0x0</size>
         <contents>
         </contents>
      </logical_group>
      <logical_group id="lg-f">
         <name>.emif_cs0</name>
         <run_address>0x0</run_address>
         <size>0x0</size>
         <contents>
         </contents>
      </logical_group>
      <logical_group id="lg-10">
         <name>.emif_cs2</name>
         <run_address>0x0</run_address>
         <size>0x0</size>
         <contents>
         </contents>
      </logical_group>
      <logical_group id="lg-11">
         <name>.emif_cs3</name>
         <run_address>0x0</run_address>
         <size>0x0</size>
         <contents>
         </contents>
      </logical_group>
      <logical_group id="lg-12">
         <name>.emif_cs4</name>
         <run_address>0x0</run_address>
         <size>0x0</size>
         <contents>
         </contents>
      </logical_group>
      <logical_group id="lg-13">
         <name>.emif_cs5</name>
         <run_address>0x0</run_address>
         <size>0x0</size>
         <contents>
         </contents>
      </logical_group>
      <logical_group id="lg-df">
         <name>.debug_info</name>
         <load_address>0x0</load_address>
         <run_address>0x0</run_address>
         <size>0x22aa7</size>
         <contents>
            <object_component_ref idref="oc-17"/>
            <object_component_ref idref="oc-1d"/>
            <object_component_ref idref="oc-24"/>
            <object_component_ref idref="oc-2a"/>
            <object_component_ref idref="oc-2f"/>
            <object_component_ref idref="oc-35"/>
            <object_component_ref idref="oc-3a"/>
            <object_component_ref idref="oc-3f"/>
            <object_component_ref idref="oc-45"/>
            <object_component_ref idref="oc-4b"/>
            <object_component_ref idref="oc-51"/>
            <object_component_ref idref="oc-55"/>
            <object_component_ref idref="oc-5a"/>
            <object_component_ref idref="oc-60"/>
            <object_component_ref idref="oc-64"/>
            <object_component_ref idref="oc-69"/>
            <object_component_ref idref="oc-6f"/>
            <object_component_ref idref="oc-73"/>
            <object_component_ref idref="oc-77"/>
            <object_component_ref idref="oc-7b"/>
            <object_component_ref idref="oc-80"/>
            <object_component_ref idref="oc-84"/>
            <object_component_ref idref="oc-88"/>
            <object_component_ref idref="oc-8d"/>
            <object_component_ref idref="oc-91"/>
            <object_component_ref idref="oc-95"/>
            <object_component_ref idref="oc-99"/>
            <object_component_ref idref="oc-9f"/>
            <object_component_ref idref="oc-a5"/>
            <object_component_ref idref="oc-a9"/>
            <object_component_ref idref="oc-ae"/>
            <object_component_ref idref="oc-b2"/>
            <object_component_ref idref="oc-b7"/>
            <object_component_ref idref="oc-bc"/>
            <object_component_ref idref="oc-c0"/>
            <object_component_ref idref="oc-c4"/>
            <object_component_ref idref="oc-c8"/>
            <object_component_ref idref="oc-eb"/>
         </contents>
      </logical_group>
      <logical_group id="lg-e1">
         <name>.debug_frame</name>
         <load_address>0x0</load_address>
         <run_address>0x0</run_address>
         <size>0xe38</size>
         <contents>
            <object_component_ref idref="oc-18"/>
            <object_component_ref idref="oc-20"/>
            <object_component_ref idref="oc-25"/>
            <object_component_ref idref="oc-2b"/>
            <object_component_ref idref="oc-30"/>
            <object_component_ref idref="oc-36"/>
            <object_component_ref idref="oc-3b"/>
            <object_component_ref idref="oc-40"/>
            <object_component_ref idref="oc-46"/>
            <object_component_ref idref="oc-4d"/>
         </contents>
      </logical_group>
      <logical_group id="lg-e3">
         <name>.debug_line</name>
         <load_address>0x0</load_address>
         <run_address>0x0</run_address>
         <size>0x1fdf</size>
         <contents>
            <object_component_ref idref="oc-19"/>
            <object_component_ref idref="oc-21"/>
            <object_component_ref idref="oc-26"/>
            <object_component_ref idref="oc-2c"/>
            <object_component_ref idref="oc-31"/>
            <object_component_ref idref="oc-37"/>
            <object_component_ref idref="oc-3c"/>
            <object_component_ref idref="oc-41"/>
            <object_component_ref idref="oc-47"/>
            <object_component_ref idref="oc-4e"/>
            <object_component_ref idref="oc-52"/>
            <object_component_ref idref="oc-56"/>
            <object_component_ref idref="oc-5d"/>
            <object_component_ref idref="oc-61"/>
            <object_component_ref idref="oc-65"/>
            <object_component_ref idref="oc-6c"/>
            <object_component_ref idref="oc-70"/>
            <object_component_ref idref="oc-74"/>
            <object_component_ref idref="oc-78"/>
            <object_component_ref idref="oc-7d"/>
            <object_component_ref idref="oc-81"/>
            <object_component_ref idref="oc-85"/>
            <object_component_ref idref="oc-8a"/>
            <object_component_ref idref="oc-8e"/>
            <object_component_ref idref="oc-92"/>
            <object_component_ref idref="oc-96"/>
            <object_component_ref idref="oc-9b"/>
            <object_component_ref idref="oc-a2"/>
            <object_component_ref idref="oc-a6"/>
            <object_component_ref idref="oc-ab"/>
            <object_component_ref idref="oc-af"/>
            <object_component_ref idref="oc-b3"/>
            <object_component_ref idref="oc-b9"/>
            <object_component_ref idref="oc-bd"/>
            <object_component_ref idref="oc-c1"/>
            <object_component_ref idref="oc-c5"/>
            <object_component_ref idref="oc-c9"/>
         </contents>
      </logical_group>
      <logical_group id="lg-e5">
         <name>.debug_abbrev</name>
         <load_address>0x0</load_address>
         <run_address>0x0</run_address>
         <size>0x1eec</size>
         <contents>
            <object_component_ref idref="oc-1a"/>
            <object_component_ref idref="oc-22"/>
            <object_component_ref idref="oc-27"/>
            <object_component_ref idref="oc-2d"/>
            <object_component_ref idref="oc-32"/>
            <object_component_ref idref="oc-38"/>
            <object_component_ref idref="oc-3d"/>
            <object_component_ref idref="oc-42"/>
            <object_component_ref idref="oc-48"/>
            <object_component_ref idref="oc-4f"/>
            <object_component_ref idref="oc-53"/>
            <object_component_ref idref="oc-57"/>
            <object_component_ref idref="oc-5e"/>
            <object_component_ref idref="oc-62"/>
            <object_component_ref idref="oc-66"/>
            <object_component_ref idref="oc-6d"/>
            <object_component_ref idref="oc-71"/>
            <object_component_ref idref="oc-75"/>
            <object_component_ref idref="oc-79"/>
            <object_component_ref idref="oc-7e"/>
            <object_component_ref idref="oc-82"/>
            <object_component_ref idref="oc-86"/>
            <object_component_ref idref="oc-8b"/>
            <object_component_ref idref="oc-8f"/>
            <object_component_ref idref="oc-93"/>
            <object_component_ref idref="oc-97"/>
            <object_component_ref idref="oc-9c"/>
            <object_component_ref idref="oc-a3"/>
            <object_component_ref idref="oc-a7"/>
            <object_component_ref idref="oc-ac"/>
            <object_component_ref idref="oc-b0"/>
            <object_component_ref idref="oc-b4"/>
            <object_component_ref idref="oc-ba"/>
            <object_component_ref idref="oc-be"/>
            <object_component_ref idref="oc-c2"/>
            <object_component_ref idref="oc-c6"/>
            <object_component_ref idref="oc-ca"/>
            <object_component_ref idref="oc-ec"/>
         </contents>
      </logical_group>
   </logical_group_list>
   <placement_map>
      <memory_area>
         <name>MMR</name>
         <page_id>0x0</page_id>
         <origin>0x0</origin>
         <length>0xc0</length>
         <used_space>0x0</used_space>
         <unused_space>0xc0</unused_space>
         <attributes>RW</attributes>
         <usage_details>
         </usage_details>
      </memory_area>
      <memory_area>
         <name>DARAM</name>
         <page_id>0x0</page_id>
         <origin>0xc0</origin>
         <length>0xff40</length>
         <used_space>0x3370</used_space>
         <unused_space>0xcbd0</unused_space>
         <attributes>RW</attributes>
         <usage_details>
            <allocated_space>
               <start_address>0xc0</start_address>
               <size>0x0</size>
               <logical_group_ref idref="lg-9"/>
            </allocated_space>
            <allocated_space>
               <start_address>0xc0</start_address>
               <size>0x2000</size>
               <logical_group_ref idref="lg-5"/>
            </allocated_space>
            <allocated_space>
               <start_address>0x20c0</start_address>
               <size>0x1000</size>
               <logical_group_ref idref="lg-6"/>
            </allocated_space>
            <allocated_space>
               <start_address>0x30c0</start_address>
               <size>0xf4</size>
               <logical_group_ref idref="lg-3"/>
            </allocated_space>
            <allocated_space>
               <start_address>0x31b4</start_address>
               <size>0xd8</size>
               <logical_group_ref idref="lg-a"/>
            </allocated_space>
            <allocated_space>
               <start_address>0x328c</start_address>
               <size>0xa4</size>
               <logical_group_ref idref="lg-b"/>
            </allocated_space>
            <allocated_space>
               <start_address>0x3330</start_address>
               <size>0x100</size>
               <logical_group_ref idref="lg-2"/>
            </allocated_space>
            <available_space>
               <start_address>0x3430</start_address>
               <size>0xcbd0</size>
            </available_space>
         </usage_details>
      </memory_area>
      <memory_area>
         <name>SARAM</name>
         <page_id>0x0</page_id>
         <origin>0x30000</origin>
         <length>0x1e000</length>
         <used_space>0x38f8</used_space>
         <unused_space>0x1a708</unused_space>
         <attributes>RW</attributes>
         <usage_details>
            <allocated_space>
               <start_address>0x30000</start_address>
               <size>0x38f8</size>
               <logical_group_ref idref="lg-8"/>
            </allocated_space>
            <available_space>
               <start_address>0x338f8</start_address>
               <size>0x1a708</size>
            </available_space>
         </usage_details>
      </memory_area>
      <memory_area>
         <name>EMIF_CS0</name>
         <page_id>0x0</page_id>
         <origin>0x50000</origin>
         <length>0x7b0000</length>
         <used_space>0x0</used_space>
         <unused_space>0x7b0000</unused_space>
         <attributes>RW</attributes>
         <usage_details>
         </usage_details>
      </memory_area>
      <memory_area>
         <name>EMIF_CS2</name>
         <page_id>0x0</page_id>
         <origin>0x800000</origin>
         <length>0x400000</length>
         <used_space>0x0</used_space>
         <unused_space>0x400000</unused_space>
         <attributes>RW</attributes>
         <usage_details>
         </usage_details>
      </memory_area>
      <memory_area>
         <name>EMIF_CS3</name>
         <page_id>0x0</page_id>
         <origin>0xc00000</origin>
         <length>0x200000</length>
         <used_space>0x0</used_space>
         <unused_space>0x200000</unused_space>
         <attributes>RW</attributes>
         <usage_details>
         </usage_details>
      </memory_area>
      <memory_area>
         <name>EMIF_CS4</name>
         <page_id>0x0</page_id>
         <origin>0xe00000</origin>
         <length>0x100000</length>
         <used_space>0x0</used_space>
         <unused_space>0x100000</unused_space>
         <attributes>RW</attributes>
         <usage_details>
         </usage_details>
      </memory_area>
      <memory_area>
         <name>EMIF_CS5</name>
         <page_id>0x0</page_id>
         <origin>0xf00000</origin>
         <length>0xe0000</length>
         <used_space>0x0</used_space>
         <unused_space>0xe0000</unused_space>
         <attributes>RW</attributes>
         <usage_details>
         </usage_details>
      </memory_area>
      <memory_area>
         <name>SAROM_0</name>
         <page_id>0x0</page_id>
         <origin>0xfe0000</origin>
         <length>0x8000</length>
         <used_space>0x0</used_space>
         <unused_space>0x8000</unused_space>
         <attributes>RX</attributes>
         <usage_details>
         </usage_details>
      </memory_area>
      <memory_area>
         <name>SAROM_1</name>
         <page_id>0x0</page_id>
         <origin>0xfe8000</origin>
         <length>0x8000</length>
         <used_space>0x0</used_space>
         <unused_space>0x8000</unused_space>
         <attributes>RX</attributes>
         <usage_details>
         </usage_details>
      </memory_area>
      <memory_area>
         <name>SAROM_2</name>
         <page_id>0x0</page_id>
         <origin>0xff0000</origin>
         <length>0x8000</length>
         <used_space>0x0</used_space>
         <unused_space>0x8000</unused_space>
         <attributes>RX</attributes>
         <usage_details>
         </usage_details>
      </memory_area>
      <memory_area>
         <name>SAROM_3</name>
         <page_id>0x0</page_id>
         <origin>0xff8000</origin>
         <length>0x8000</length>
         <used_space>0x0</used_space>
         <unused_space>0x8000</unused_space>
         <attributes>RX</attributes>
         <usage_details>
         </usage_details>
      </memory_area>
   </placement_map>
   <symbol_table>
      <symbol id="sm-0">
         <name>$TI_capability$C5500$CallingConvention</name>
         <value>0x2</value>
      </symbol>
      <symbol id="sm-1">
         <name>$TI_capability$C5500$MemoryModel</name>
         <value>0x2</value>
      </symbol>
      <symbol id="sm-2">
         <name>$TI_capability_requires_rev3</name>
         <value>0x1</value>
      </symbol>
      <symbol id="sm-3">
         <name>cinit</name>
         <value>0x31b4</value>
      </symbol>
      <symbol id="sm-4">
         <name>___cinit__</name>
         <value>0x31b4</value>
      </symbol>
      <symbol id="sm-5">
         <name>pinit</name>
         <value>0xffffffff</value>
      </symbol>
      <symbol id="sm-6">
         <name>___pinit__</name>
         <value>0xffffffff</value>
      </symbol>
      <symbol id="sm-7">
         <name>binit</name>
         <value>0xffffffff</value>
      </symbol>
      <symbol id="sm-8">
         <name>___binit__</name>
         <value>0xffffffff</value>
      </symbol>
      <symbol id="sm-9">
         <name>__STACK_SIZE</name>
         <value>0x2000</value>
      </symbol>
      <symbol id="sm-a">
         <name>__STACK_END</name>
         <value>0x20c0</value>
      </symbol>
      <symbol id="sm-b">
         <name>___c_args__</name>
         <value>0xffffffff</value>
      </symbol>
      <symbol id="sm-c">
         <name>__SYSSTACK_SIZE</name>
         <value>0x1000</value>
      </symbol>
      <symbol id="sm-d">
         <name>.text</name>
         <value>0x30000</value>
      </symbol>
      <symbol id="sm-e">
         <name>___text__</name>
         <value>0x30000</value>
      </symbol>
      <symbol id="sm-f">
         <name>etext</name>
         <value>0x338f8</value>
      </symbol>
      <symbol id="sm-10">
         <name>___etext__</name>
         <value>0x338f8</value>
      </symbol>
      <symbol id="sm-11">
         <name>.data</name>
         <value>0xc0</value>
      </symbol>
      <symbol id="sm-12">
         <name>___data__</name>
         <value>0xc0</value>
      </symbol>
      <symbol id="sm-13">
         <name>edata</name>
         <value>0xc0</value>
      </symbol>
      <symbol id="sm-14">
         <name>___edata__</name>
         <value>0xc0</value>
      </symbol>
      <symbol id="sm-15">
         <name>.bss</name>
         <value>0x30c0</value>
      </symbol>
      <symbol id="sm-16">
         <name>___bss__</name>
         <value>0x30c0</value>
      </symbol>
      <symbol id="sm-17">
         <name>end</name>
         <value>0x31b4</value>
      </symbol>
      <symbol id="sm-18">
         <name>___end__</name>
         <value>0x31b4</value>
      </symbol>
      <symbol id="sm-55">
         <name>_AIC3204_rset</name>
         <value>0x32720</value>
         <object_component_ref idref="oc-16"/>
      </symbol>
      <symbol id="sm-56">
         <name>_Init_AIC3204</name>
         <value>0x3274a</value>
         <object_component_ref idref="oc-16"/>
      </symbol>
      <symbol id="sm-8a">
         <name>_main</name>
         <value>0x31ca4</value>
         <object_component_ref idref="oc-1b"/>
      </symbol>
      <symbol id="sm-8b">
         <name>_get1khztone</name>
         <value>0x3202a</value>
         <object_component_ref idref="oc-1b"/>
      </symbol>
      <symbol id="sm-8c">
         <name>_dialstatemachine</name>
         <value>0x31cee</value>
         <object_component_ref idref="oc-1b"/>
      </symbol>
      <symbol id="sm-8d">
         <name>_t2</name>
         <value>0x3138</value>
         <object_component_ref idref="oc-1c"/>
      </symbol>
      <symbol id="sm-8e">
         <name>_t1</name>
         <value>0x3128</value>
         <object_component_ref idref="oc-1c"/>
      </symbol>
      <symbol id="sm-8f">
         <name>_number</name>
         <value>0x3114</value>
         <object_component_ref idref="oc-1c"/>
      </symbol>
      <symbol id="sm-90">
         <name>_watchdog</name>
         <value>0x3207c</value>
         <object_component_ref idref="oc-1b"/>
      </symbol>
      <symbol id="sm-91">
         <name>_c2</name>
         <value>0x3144</value>
         <object_component_ref idref="oc-1c"/>
      </symbol>
      <symbol id="sm-92">
         <name>_c1</name>
         <value>0x3134</value>
         <object_component_ref idref="oc-1c"/>
      </symbol>
      <symbol id="sm-93">
         <name>_initcodec</name>
         <value>0x320b6</value>
         <object_component_ref idref="oc-1b"/>
      </symbol>
      <symbol id="sm-94">
         <name>_inittones</name>
         <value>0x31f6c</value>
         <object_component_ref idref="oc-1b"/>
      </symbol>
      <symbol id="sm-9e">
         <name>_USBSTK5505_LED_get</name>
         <value>0x33836</value>
         <object_component_ref idref="oc-23"/>
      </symbol>
      <symbol id="sm-9f">
         <name>_USBSTK5505_LED_off</name>
         <value>0x3382b</value>
         <object_component_ref idref="oc-23"/>
      </symbol>
      <symbol id="sm-a0">
         <name>_USBSTK5505_LED_on</name>
         <value>0x33820</value>
         <object_component_ref idref="oc-23"/>
      </symbol>
      <symbol id="sm-a1">
         <name>_USBSTK5505_LED_init</name>
         <value>0x33815</value>
         <object_component_ref idref="oc-23"/>
      </symbol>
      <symbol id="sm-b5">
         <name>_USBSTK5505_I2S_writeRight</name>
         <value>0x33153</value>
         <object_component_ref idref="oc-28"/>
      </symbol>
      <symbol id="sm-b6">
         <name>_USBSTK5505_I2S_readLeft</name>
         <value>0x330d3</value>
         <object_component_ref idref="oc-28"/>
      </symbol>
      <symbol id="sm-b7">
         <name>_USBSTK5505_I2S_readRight</name>
         <value>0x33132</value>
         <object_component_ref idref="oc-28"/>
      </symbol>
      <symbol id="sm-b8">
         <name>_USBSTK5505_I2S_close</name>
         <value>0x3316f</value>
         <object_component_ref idref="oc-28"/>
      </symbol>
      <symbol id="sm-b9">
         <name>_USBSTK5505_I2S_writeLeft</name>
         <value>0x33105</value>
         <object_component_ref idref="oc-28"/>
      </symbol>
      <symbol id="sm-ba">
         <name>_USBSTK5505_I2S_init</name>
         <value>0x3307a</value>
         <object_component_ref idref="oc-28"/>
      </symbol>
      <symbol id="sm-bb">
         <name>_hI2s</name>
         <value>0x31b0</value>
         <object_component_ref idref="oc-29"/>
      </symbol>
      <symbol id="sm-c5">
         <name>_USBSTK5505_I2C_reset</name>
         <value>0x33316</value>
         <object_component_ref idref="oc-2e"/>
      </symbol>
      <symbol id="sm-c6">
         <name>_USBSTK5505_I2C_read</name>
         <value>0x33347</value>
         <object_component_ref idref="oc-2e"/>
      </symbol>
      <symbol id="sm-c7">
         <name>_USBSTK5505_I2C_write</name>
         <value>0x33321</value>
         <object_component_ref idref="oc-2e"/>
      </symbol>
      <symbol id="sm-c8">
         <name>_USBSTK5505_I2C_init</name>
         <value>0x332e1</value>
         <object_component_ref idref="oc-2e"/>
      </symbol>
      <symbol id="sm-d4">
         <name>_USBSTK5505_GPIO_setOutput</name>
         <value>0x333ae</value>
         <object_component_ref idref="oc-33"/>
      </symbol>
      <symbol id="sm-d5">
         <name>_USBSTK5505_GPIO_init</name>
         <value>0x3336f</value>
         <object_component_ref idref="oc-33"/>
      </symbol>
      <symbol id="sm-d6">
         <name>_USBSTK5505_GPIO_setDirection</name>
         <value>0x3338a</value>
         <object_component_ref idref="oc-33"/>
      </symbol>
      <symbol id="sm-d7">
         <name>_USBSTK5505_GPIO_getInput</name>
         <value>0x333c8</value>
         <object_component_ref idref="oc-33"/>
      </symbol>
      <symbol id="sm-d8">
         <name>_GpioObj</name>
         <value>0x3198</value>
         <object_component_ref idref="oc-34"/>
      </symbol>
      <symbol id="sm-d9">
         <name>_hGpio</name>
         <value>0x319c</value>
         <object_component_ref idref="oc-34"/>
      </symbol>
      <symbol id="sm-e7">
         <name>_USBSTK5505_waitusec</name>
         <value>0x336aa</value>
         <object_component_ref idref="oc-39"/>
      </symbol>
      <symbol id="sm-e8">
         <name>_USBSTK5505_wait</name>
         <value>0x33676</value>
         <object_component_ref idref="oc-39"/>
      </symbol>
      <symbol id="sm-e9">
         <name>_USBSTK5505_init</name>
         <value>0x336bc</value>
         <object_component_ref idref="oc-39"/>
      </symbol>
      <symbol id="sm-12e">
         <name>_GPIO_write</name>
         <value>0x3180f</value>
         <object_component_ref idref="oc-3e"/>
      </symbol>
      <symbol id="sm-12f">
         <name>_GPIO_read</name>
         <value>0x3178c</value>
         <object_component_ref idref="oc-3e"/>
      </symbol>
      <symbol id="sm-130">
         <name>_GPIO_close</name>
         <value>0x3165b</value>
         <object_component_ref idref="oc-3e"/>
      </symbol>
      <symbol id="sm-131">
         <name>_GPIO_enableInt</name>
         <value>0x31a78</value>
         <object_component_ref idref="oc-3e"/>
      </symbol>
      <symbol id="sm-132">
         <name>_GPIO_clearInt</name>
         <value>0x31b02</value>
         <object_component_ref idref="oc-3e"/>
      </symbol>
      <symbol id="sm-133">
         <name>_GPIO_statusBit</name>
         <value>0x31b8e</value>
         <object_component_ref idref="oc-3e"/>
      </symbol>
      <symbol id="sm-134">
         <name>_GPIO_configBit</name>
         <value>0x318b2</value>
         <object_component_ref idref="oc-3e"/>
      </symbol>
      <symbol id="sm-135">
         <name>_GPIO_reset</name>
         <value>0x31c15</value>
         <object_component_ref idref="oc-3e"/>
      </symbol>
      <symbol id="sm-136">
         <name>_GPIO_getConfig</name>
         <value>0x31704</value>
         <object_component_ref idref="oc-3e"/>
      </symbol>
      <symbol id="sm-137">
         <name>_GPIO_disableInt</name>
         <value>0x319fa</value>
         <object_component_ref idref="oc-3e"/>
      </symbol>
      <symbol id="sm-138">
         <name>_GPIO_config</name>
         <value>0x3167f</value>
         <object_component_ref idref="oc-3e"/>
      </symbol>
      <symbol id="sm-139">
         <name>_GPIO_open</name>
         <value>0x31617</value>
         <object_component_ref idref="oc-3e"/>
      </symbol>
      <symbol id="sm-1b6">
         <name>_I2C_eventEnable</name>
         <value>0x30940</value>
         <object_component_ref idref="oc-43"/>
      </symbol>
      <symbol id="sm-1b7">
         <name>_I2C_setCallback</name>
         <value>0x30b93</value>
         <object_component_ref idref="oc-43"/>
      </symbol>
      <symbol id="sm-1b8">
         <name>_I2C_init</name>
         <value>0x30000</value>
         <object_component_ref idref="oc-43"/>
      </symbol>
      <symbol id="sm-1b9">
         <name>_I2C_config</name>
         <value>0x300a9</value>
         <object_component_ref idref="oc-43"/>
      </symbol>
      <symbol id="sm-1ba">
         <name>_gI2cObj</name>
         <value>0x3154</value>
         <object_component_ref idref="oc-44"/>
      </symbol>
      <symbol id="sm-1bb">
         <name>_I2C_getConfig</name>
         <value>0x3020e</value>
         <object_component_ref idref="oc-43"/>
      </symbol>
      <symbol id="sm-1bc">
         <name>_I2C_setup</name>
         <value>0x302e4</value>
         <object_component_ref idref="oc-43"/>
      </symbol>
      <symbol id="sm-1bd">
         <name>_I2C_write</name>
         <value>0x304de</value>
         <object_component_ref idref="oc-43"/>
      </symbol>
      <symbol id="sm-1be">
         <name>_I2C_read</name>
         <value>0x30722</value>
         <object_component_ref idref="oc-43"/>
      </symbol>
      <symbol id="sm-1bf">
         <name>_I2C_eventDisable</name>
         <value>0x30a74</value>
         <object_component_ref idref="oc-43"/>
      </symbol>
      <symbol id="sm-1c0">
         <name>_I2C_getEventId</name>
         <value>0x30c20</value>
         <object_component_ref idref="oc-43"/>
      </symbol>
      <symbol id="sm-1c1">
         <name>_i2cHandle</name>
         <value>0x3174</value>
         <object_component_ref idref="oc-44"/>
      </symbol>
      <symbol id="sm-266">
         <name>_I2S_write</name>
         <value>0x313cb</value>
         <object_component_ref idref="oc-49"/>
      </symbol>
      <symbol id="sm-267">
         <name>_I2S_read</name>
         <value>0x31111</value>
         <object_component_ref idref="oc-49"/>
      </symbol>
      <symbol id="sm-268">
         <name>_I2S_close</name>
         <value>0x31066</value>
         <object_component_ref idref="oc-49"/>
      </symbol>
      <symbol id="sm-269">
         <name>_ouError</name>
         <value>0x3112</value>
         <object_component_ref idref="oc-4a"/>
      </symbol>
      <symbol id="sm-26a">
         <name>_I2S_reset</name>
         <value>0x31521</value>
         <object_component_ref idref="oc-49"/>
      </symbol>
      <symbol id="sm-26b">
         <name>_I2S_setup</name>
         <value>0x30d7f</value>
         <object_component_ref idref="oc-49"/>
      </symbol>
      <symbol id="sm-26c">
         <name>_fsError</name>
         <value>0x3110</value>
         <object_component_ref idref="oc-4a"/>
      </symbol>
      <symbol id="sm-26d">
         <name>_I2S_open</name>
         <value>0x30c3c</value>
         <object_component_ref idref="oc-49"/>
      </symbol>
      <symbol id="sm-26e">
         <name>_I2S_transEnable</name>
         <value>0x315cc</value>
         <object_component_ref idref="oc-49"/>
      </symbol>
      <symbol id="sm-278">
         <name>__addd</name>
         <value>0x324c6</value>
         <object_component_ref idref="oc-50"/>
      </symbol>
      <symbol id="sm-284">
         <name>__sysstack</name>
         <value>0x20c0</value>
         <object_component_ref idref="oc-cb"/>
      </symbol>
      <symbol id="sm-285">
         <name>_c_int00</name>
         <value>0x337e1</value>
         <object_component_ref idref="oc-14"/>
      </symbol>
      <symbol id="sm-286">
         <name>__stack</name>
         <value>0xc0</value>
         <object_component_ref idref="oc-54"/>
      </symbol>
      <symbol id="sm-297">
         <name>_cos</name>
         <value>0x3293a</value>
         <object_component_ref idref="oc-58"/>
      </symbol>
      <symbol id="sm-2a3">
         <name>__divd</name>
         <value>0x320fa</value>
         <object_component_ref idref="oc-5f"/>
      </symbol>
      <symbol id="sm-2ae">
         <name>__divul</name>
         <value>0x33240</value>
         <object_component_ref idref="oc-63"/>
      </symbol>
      <symbol id="sm-2be">
         <name>C$$EXIT</name>
         <value>0x338ef</value>
         <object_component_ref idref="oc-6b"/>
      </symbol>
      <symbol id="sm-2bf">
         <name>_exit</name>
         <value>0x337a3</value>
         <object_component_ref idref="oc-67"/>
      </symbol>
      <symbol id="sm-2c0">
         <name>_abort</name>
         <value>0x338ee</value>
         <object_component_ref idref="oc-6b"/>
      </symbol>
      <symbol id="sm-2c1">
         <name>__cleanup_ptr</name>
         <value>0x31a8</value>
         <object_component_ref idref="oc-68"/>
      </symbol>
      <symbol id="sm-2c2">
         <name>__dtors_ptr</name>
         <value>0x31ac</value>
         <object_component_ref idref="oc-68"/>
      </symbol>
      <symbol id="sm-2cc">
         <name>__fixdi</name>
         <value>0x33845</value>
         <object_component_ref idref="oc-6e"/>
      </symbol>
      <symbol id="sm-2d6">
         <name>__fixdli</name>
         <value>0x33541</value>
         <object_component_ref idref="oc-72"/>
      </symbol>
      <symbol id="sm-2e0">
         <name>__fltid</name>
         <value>0x338e2</value>
         <object_component_ref idref="oc-76"/>
      </symbol>
      <symbol id="sm-2ec">
         <name>__fltlid</name>
         <value>0x335b0</value>
         <object_component_ref idref="oc-7a"/>
      </symbol>
      <symbol id="sm-2f6">
         <name>__frcmpyd_div</name>
         <value>0x3345c</value>
         <object_component_ref idref="oc-7f"/>
      </symbol>
      <symbol id="sm-2fe">
         <name>__mpyli</name>
         <value>0x338ad</value>
         <object_component_ref idref="oc-83"/>
      </symbol>
      <symbol id="sm-2ff">
         <name>I$$LMPY</name>
         <value>0x338ad</value>
         <object_component_ref idref="oc-83"/>
      </symbol>
      <symbol id="sm-30b">
         <name>_modf</name>
         <value>0x33181</value>
         <object_component_ref idref="oc-87"/>
      </symbol>
      <symbol id="sm-315">
         <name>__mpyd</name>
         <value>0x32f2e</value>
         <object_component_ref idref="oc-8c"/>
      </symbol>
      <symbol id="sm-31f">
         <name>__negd</name>
         <value>0x338d2</value>
         <object_component_ref idref="oc-90"/>
      </symbol>
      <symbol id="sm-32a">
         <name>__remul</name>
         <value>0x334cf</value>
         <object_component_ref idref="oc-94"/>
      </symbol>
      <symbol id="sm-336">
         <name>__nround</name>
         <value>0x33617</value>
         <object_component_ref idref="oc-98"/>
      </symbol>
      <symbol id="sm-347">
         <name>_sin</name>
         <value>0x32b52</value>
         <object_component_ref idref="oc-9d"/>
      </symbol>
      <symbol id="sm-351">
         <name>__subd</name>
         <value>0x33899</value>
         <object_component_ref idref="oc-a4"/>
      </symbol>
      <symbol id="sm-35d">
         <name>__trunc</name>
         <value>0x33762</value>
         <object_component_ref idref="oc-a8"/>
      </symbol>
      <symbol id="sm-365">
         <name>__remu</name>
         <value>0x33884</value>
         <object_component_ref idref="oc-ad"/>
      </symbol>
      <symbol id="sm-366">
         <name>__divu</name>
         <value>0x3386f</value>
         <object_component_ref idref="oc-ad"/>
      </symbol>
      <symbol id="sm-367">
         <name>I$$UMOD</name>
         <value>0x33884</value>
         <object_component_ref idref="oc-ad"/>
      </symbol>
      <symbol id="sm-368">
         <name>I$$UDIV</name>
         <value>0x3386f</value>
         <object_component_ref idref="oc-ad"/>
      </symbol>
      <symbol id="sm-372">
         <name>_Reset</name>
         <value>0x3330</value>
         <object_component_ref idref="oc-15"/>
      </symbol>
      <symbol id="sm-380">
         <name>__unlock</name>
         <value>0x31a4</value>
         <object_component_ref idref="oc-b6"/>
      </symbol>
      <symbol id="sm-381">
         <name>__lock</name>
         <value>0x31a0</value>
         <object_component_ref idref="oc-b6"/>
      </symbol>
      <symbol id="sm-382">
         <name>__register_lock</name>
         <value>0x338c8</value>
         <object_component_ref idref="oc-b5"/>
      </symbol>
      <symbol id="sm-383">
         <name>__nop</name>
         <value>0x338d0</value>
         <object_component_ref idref="oc-b5"/>
      </symbol>
      <symbol id="sm-384">
         <name>__register_unlock</name>
         <value>0x338c0</value>
         <object_component_ref idref="oc-b5"/>
      </symbol>
      <symbol id="sm-38e">
         <name>__args_main</name>
         <value>0x33717</value>
         <object_component_ref idref="oc-bb"/>
      </symbol>
      <symbol id="sm-38f">
         <name>__TI_args_main</name>
         <value>0x1</value>
      </symbol>
      <symbol id="sm-397">
         <name>_auto_init</name>
         <value>0x336ca</value>
         <object_component_ref idref="oc-bf"/>
      </symbol>
      <symbol id="sm-3a1">
         <name>__eqld</name>
         <value>0x32ea2</value>
         <object_component_ref idref="oc-c3"/>
      </symbol>
      <symbol id="sm-3a2">
         <name>__cmpd</name>
         <value>0x32ed6</value>
         <object_component_ref idref="oc-c3"/>
      </symbol>
      <symbol id="sm-3a3">
         <name>__neqd</name>
         <value>0x32d44</value>
         <object_component_ref idref="oc-c3"/>
      </symbol>
      <symbol id="sm-3a4">
         <name>__gtrd</name>
         <value>0x32e0d</value>
         <object_component_ref idref="oc-c3"/>
      </symbol>
      <symbol id="sm-3a5">
         <name>__geqd</name>
         <value>0x32e58</value>
         <object_component_ref idref="oc-c3"/>
      </symbol>
      <symbol id="sm-3a6">
         <name>__leqd</name>
         <value>0x32dc0</value>
         <object_component_ref idref="oc-c3"/>
      </symbol>
      <symbol id="sm-3a7">
         <name>__lssd</name>
         <value>0x32d78</value>
         <object_component_ref idref="oc-c3"/>
      </symbol>
      <symbol id="sm-3b1">
         <name>__frcmpyd</name>
         <value>0x333e6</value>
         <object_component_ref idref="oc-c7"/>
      </symbol>
   </symbol_table>
</link_info>
